[0m06:33:21.114333 [debug] [MainThread]: Sending event: {'category': 'dbt', 'action': 'invocation', 'label': 'start', 'context': [<snowplow_tracker.self_describing_json.SelfDescribingJson object at 0x7afcd4949310>, <snowplow_tracker.self_describing_json.SelfDescribingJson object at 0x7afcd4b25d30>, <snowplow_tracker.self_describing_json.SelfDescribingJson object at 0x7afcd4428bc0>]}


============================== 06:33:21.144825 | da8392d6-ea47-448b-92bb-c556019a2106 ==============================
[0m06:33:21.144825 [info ] [MainThread]: Running with dbt=1.8.7
[0m06:33:21.146146 [debug] [MainThread]: running dbt with arguments {'printer_width': '80', 'indirect_selection': 'eager', 'write_json': 'True', 'log_cache_events': 'False', 'partial_parse': 'True', 'cache_selected_only': 'False', 'warn_error': 'None', 'version_check': 'True', 'profiles_dir': '/opt/airflow/dbt/profiles', 'log_path': '/opt/airflow/dbt/logs', 'debug': 'False', 'fail_fast': 'False', 'use_colors': 'True', 'use_experimental_parser': 'False', 'empty': 'None', 'quiet': 'False', 'no_print': 'None', 'warn_error_options': 'WarnErrorOptions(include=[], exclude=[])', 'invocation_command': 'dbt debug', 'static_parser': 'True', 'log_format': 'default', 'target_path': 'None', 'introspect': 'True', 'send_anonymous_usage_stats': 'True'}
[0m06:33:21.187762 [info ] [MainThread]: dbt version: 1.8.7
[0m06:33:21.189655 [info ] [MainThread]: python version: 3.12.4
[0m06:33:21.191091 [info ] [MainThread]: python path: /home/airflow/.local/bin/python
[0m06:33:21.192519 [info ] [MainThread]: os info: Linux-6.6.87.2-microsoft-standard-WSL2-x86_64-with-glibc2.36
[0m06:33:21.282880 [info ] [MainThread]: Using profiles dir at /opt/airflow/dbt/profiles
[0m06:33:21.284449 [info ] [MainThread]: Using profiles.yml file at /opt/airflow/dbt/profiles/profiles.yml
[0m06:33:21.285705 [info ] [MainThread]: Using dbt_project.yml file at /opt/airflow/dbt/dbt_project.yml
[0m06:33:21.287179 [info ] [MainThread]: adapter type: postgres
[0m06:33:21.288373 [info ] [MainThread]: adapter version: 1.8.2
[0m06:33:21.379442 [info ] [MainThread]: Configuration:
[0m06:33:21.380886 [info ] [MainThread]:   profiles.yml file [[32mOK found and valid[0m]
[0m06:33:21.382528 [info ] [MainThread]:   dbt_project.yml file [[32mOK found and valid[0m]
[0m06:33:21.383987 [info ] [MainThread]: Required dependencies:
[0m06:33:21.385098 [debug] [MainThread]: Executing "git --help"
[0m06:33:21.387143 [info ] [MainThread]:  - git [[31mERROR[0m]

[0m06:33:21.388398 [info ] [MainThread]: Connection:
[0m06:33:21.389458 [info ] [MainThread]:   host: postgres
[0m06:33:21.391079 [info ] [MainThread]:   port: 5432
[0m06:33:21.391921 [info ] [MainThread]:   user: airflow
[0m06:33:21.392633 [info ] [MainThread]:   database: analytics
[0m06:33:21.393476 [info ] [MainThread]:   schema: public
[0m06:33:21.394367 [info ] [MainThread]:   connect_timeout: 10
[0m06:33:21.395167 [info ] [MainThread]:   role: None
[0m06:33:21.395892 [info ] [MainThread]:   search_path: None
[0m06:33:21.396836 [info ] [MainThread]:   keepalives_idle: 0
[0m06:33:21.397773 [info ] [MainThread]:   sslmode: None
[0m06:33:21.398598 [info ] [MainThread]:   sslcert: None
[0m06:33:21.399387 [info ] [MainThread]:   sslkey: None
[0m06:33:21.400118 [info ] [MainThread]:   sslrootcert: None
[0m06:33:21.400814 [info ] [MainThread]:   application_name: dbt
[0m06:33:21.401515 [info ] [MainThread]:   retries: 1
[0m06:33:21.402505 [info ] [MainThread]: Registered adapter: postgres=1.8.2
[0m06:33:21.479978 [debug] [MainThread]: Acquiring new postgres connection 'debug'
[0m06:33:21.517564 [debug] [MainThread]: Using postgres connection "debug"
[0m06:33:21.519018 [debug] [MainThread]: On debug: select 1 as id
[0m06:33:21.520243 [debug] [MainThread]: Opening a new connection, currently in state init
[0m06:33:21.534634 [debug] [MainThread]: SQL status: SELECT 1 in 0.014 seconds
[0m06:33:21.536520 [debug] [MainThread]: On debug: Close
[0m06:33:21.537954 [info ] [MainThread]:   Connection test: [[32mOK connection ok[0m]

[0m06:33:21.539247 [info ] [MainThread]: [31m1 check failed:[0m
[0m06:33:21.540405 [info ] [MainThread]: Error from git --help: User does not have permissions for this command: "git"

[0m06:33:21.541898 [debug] [MainThread]: Resource report: {"command_name": "debug", "command_wall_clock_time": 0.55018246, "process_user_time": 3.073378, "process_kernel_time": 0.508667, "process_mem_max_rss": "158660", "process_out_blocks": "4944", "command_success": false, "process_in_blocks": "0"}
[0m06:33:21.543000 [debug] [MainThread]: Command `dbt debug` failed at 06:33:21.542888 after 0.55 seconds
[0m06:33:21.543920 [debug] [MainThread]: Connection 'debug' was properly closed.
[0m06:33:21.544941 [debug] [MainThread]: Sending event: {'category': 'dbt', 'action': 'invocation', 'label': 'end', 'context': [<snowplow_tracker.self_describing_json.SelfDescribingJson object at 0x7afcd44cd3d0>, <snowplow_tracker.self_describing_json.SelfDescribingJson object at 0x7afcd490bc80>, <snowplow_tracker.self_describing_json.SelfDescribingJson object at 0x7afcd4971370>]}
[0m06:33:21.546402 [debug] [MainThread]: Flushing usage events
[0m06:55:37.497004 [debug] [MainThread]: Sending event: {'category': 'dbt', 'action': 'invocation', 'label': 'start', 'context': [<snowplow_tracker.self_describing_json.SelfDescribingJson object at 0x7870d70f2000>, <snowplow_tracker.self_describing_json.SelfDescribingJson object at 0x7870d6db60c0>, <snowplow_tracker.self_describing_json.SelfDescribingJson object at 0x7870d7b363f0>]}


============================== 06:55:37.531059 | ffb59c3f-1361-47e3-8aae-ebd35fa27088 ==============================
[0m06:55:37.531059 [info ] [MainThread]: Running with dbt=1.8.7
[0m06:55:37.532379 [debug] [MainThread]: running dbt with arguments {'printer_width': '80', 'indirect_selection': 'eager', 'write_json': 'True', 'log_cache_events': 'False', 'partial_parse': 'True', 'cache_selected_only': 'False', 'warn_error': 'None', 'version_check': 'True', 'profiles_dir': '/opt/airflow/dbt/profiles', 'log_path': '/opt/airflow/dbt/logs', 'fail_fast': 'False', 'debug': 'False', 'use_colors': 'True', 'use_experimental_parser': 'False', 'empty': 'None', 'quiet': 'False', 'no_print': 'None', 'log_format': 'default', 'static_parser': 'True', 'introspect': 'True', 'invocation_command': 'dbt debug', 'target_path': 'None', 'warn_error_options': 'WarnErrorOptions(include=[], exclude=[])', 'send_anonymous_usage_stats': 'True'}
[0m06:55:37.586429 [info ] [MainThread]: dbt version: 1.8.7
[0m06:55:37.587624 [info ] [MainThread]: python version: 3.12.4
[0m06:55:37.589406 [info ] [MainThread]: python path: /home/airflow/.local/bin/python
[0m06:55:37.590944 [info ] [MainThread]: os info: Linux-6.6.87.2-microsoft-standard-WSL2-x86_64-with-glibc2.36
[0m06:55:37.748858 [info ] [MainThread]: Using profiles dir at /opt/airflow/dbt/profiles
[0m06:55:37.750618 [info ] [MainThread]: Using profiles.yml file at /opt/airflow/dbt/profiles/profiles.yml
[0m06:55:37.752070 [info ] [MainThread]: Using dbt_project.yml file at /opt/airflow/dbt/dbt_project.yml
[0m06:55:37.754012 [info ] [MainThread]: adapter type: postgres
[0m06:55:37.755559 [info ] [MainThread]: adapter version: 1.8.2
[0m06:55:37.861801 [info ] [MainThread]: Configuration:
[0m06:55:37.863567 [info ] [MainThread]:   profiles.yml file [[32mOK found and valid[0m]
[0m06:55:37.864679 [info ] [MainThread]:   dbt_project.yml file [[32mOK found and valid[0m]
[0m06:55:37.866484 [info ] [MainThread]: Required dependencies:
[0m06:55:37.867939 [debug] [MainThread]: Executing "git --help"
[0m06:55:37.872909 [debug] [MainThread]: STDOUT: "b"usage: git [-v | --version] [-h | --help] [-C <path>] [-c <name>=<value>]\n           [--exec-path[=<path>]] [--html-path] [--man-path] [--info-path]\n           [-p | --paginate | -P | --no-pager] [--no-replace-objects] [--bare]\n           [--git-dir=<path>] [--work-tree=<path>] [--namespace=<name>]\n           [--super-prefix=<path>] [--config-env=<name>=<envvar>]\n           <command> [<args>]\n\nThese are common Git commands used in various situations:\n\nstart a working area (see also: git help tutorial)\n   clone     Clone a repository into a new directory\n   init      Create an empty Git repository or reinitialize an existing one\n\nwork on the current change (see also: git help everyday)\n   add       Add file contents to the index\n   mv        Move or rename a file, a directory, or a symlink\n   restore   Restore working tree files\n   rm        Remove files from the working tree and from the index\n\nexamine the history and state (see also: git help revisions)\n   bisect    Use binary search to find the commit that introduced a bug\n   diff      Show changes between commits, commit and working tree, etc\n   grep      Print lines matching a pattern\n   log       Show commit logs\n   show      Show various types of objects\n   status    Show the working tree status\n\ngrow, mark and tweak your common history\n   branch    List, create, or delete branches\n   commit    Record changes to the repository\n   merge     Join two or more development histories together\n   rebase    Reapply commits on top of another base tip\n   reset     Reset current HEAD to the specified state\n   switch    Switch branches\n   tag       Create, list, delete or verify a tag object signed with GPG\n\ncollaborate (see also: git help workflows)\n   fetch     Download objects and refs from another repository\n   pull      Fetch from and integrate with another repository or a local branch\n   push      Update remote refs along with associated objects\n\n'git help -a' and 'git help -g' list available subcommands and some\nconcept guides. See 'git help <command>' or 'git help <concept>'\nto read about a specific subcommand or concept.\nSee 'git help git' for an overview of the system.\n""
[0m06:55:37.873948 [debug] [MainThread]: STDERR: "b''"
[0m06:55:37.874829 [info ] [MainThread]:  - git [[32mOK found[0m]

[0m06:55:37.875700 [info ] [MainThread]: Connection:
[0m06:55:37.876563 [info ] [MainThread]:   host: postgres
[0m06:55:37.877411 [info ] [MainThread]:   port: 5432
[0m06:55:37.878212 [info ] [MainThread]:   user: airflow
[0m06:55:37.879026 [info ] [MainThread]:   database: analytics
[0m06:55:37.879849 [info ] [MainThread]:   schema: public
[0m06:55:37.880898 [info ] [MainThread]:   connect_timeout: 10
[0m06:55:37.882785 [info ] [MainThread]:   role: None
[0m06:55:37.883659 [info ] [MainThread]:   search_path: None
[0m06:55:37.884463 [info ] [MainThread]:   keepalives_idle: 0
[0m06:55:37.885213 [info ] [MainThread]:   sslmode: None
[0m06:55:37.885932 [info ] [MainThread]:   sslcert: None
[0m06:55:37.886663 [info ] [MainThread]:   sslkey: None
[0m06:55:37.887434 [info ] [MainThread]:   sslrootcert: None
[0m06:55:37.888136 [info ] [MainThread]:   application_name: dbt
[0m06:55:37.888889 [info ] [MainThread]:   retries: 1
[0m06:55:37.889782 [info ] [MainThread]: Registered adapter: postgres=1.8.2
[0m06:55:37.972387 [debug] [MainThread]: Acquiring new postgres connection 'debug'
[0m06:55:38.007707 [debug] [MainThread]: Using postgres connection "debug"
[0m06:55:38.009360 [debug] [MainThread]: On debug: select 1 as id
[0m06:55:38.010543 [debug] [MainThread]: Opening a new connection, currently in state init
[0m06:55:38.027525 [debug] [MainThread]: SQL status: SELECT 1 in 0.017 seconds
[0m06:55:38.030435 [debug] [MainThread]: On debug: Close
[0m06:55:38.032436 [info ] [MainThread]:   Connection test: [[32mOK connection ok[0m]

[0m06:55:38.034781 [info ] [MainThread]: [32mAll checks passed![0m
[0m06:55:38.037889 [debug] [MainThread]: Resource report: {"command_name": "debug", "command_success": true, "command_wall_clock_time": 0.663241, "process_user_time": 3.121789, "process_kernel_time": 0.544046, "process_mem_max_rss": "158636", "process_out_blocks": "4944", "process_in_blocks": "0"}
[0m06:55:38.039722 [debug] [MainThread]: Command `dbt debug` succeeded at 06:55:38.039567 after 0.67 seconds
[0m06:55:38.041196 [debug] [MainThread]: Connection 'debug' was properly closed.
[0m06:55:38.042359 [debug] [MainThread]: Sending event: {'category': 'dbt', 'action': 'invocation', 'label': 'end', 'context': [<snowplow_tracker.self_describing_json.SelfDescribingJson object at 0x7870d70f2000>, <snowplow_tracker.self_describing_json.SelfDescribingJson object at 0x7870d65ec6b0>, <snowplow_tracker.self_describing_json.SelfDescribingJson object at 0x7870d63fb500>]}
[0m06:55:38.043443 [debug] [MainThread]: Flushing usage events
[0m06:55:41.693956 [debug] [MainThread]: Sending event: {'category': 'dbt', 'action': 'invocation', 'label': 'start', 'context': [<snowplow_tracker.self_describing_json.SelfDescribingJson object at 0x71eb8c3154c0>, <snowplow_tracker.self_describing_json.SelfDescribingJson object at 0x71eb8c314830>, <snowplow_tracker.self_describing_json.SelfDescribingJson object at 0x71eb8c315460>]}


============================== 06:55:41.700096 | 52aaa88c-cc2c-46b0-a526-4110a7566025 ==============================
[0m06:55:41.700096 [info ] [MainThread]: Running with dbt=1.8.7
[0m06:55:41.701140 [debug] [MainThread]: running dbt with arguments {'printer_width': '80', 'indirect_selection': 'eager', 'log_cache_events': 'False', 'write_json': 'True', 'partial_parse': 'True', 'cache_selected_only': 'False', 'warn_error': 'None', 'debug': 'False', 'version_check': 'True', 'log_path': '/opt/airflow/dbt/logs', 'profiles_dir': '/opt/airflow/dbt/profiles', 'fail_fast': 'False', 'use_colors': 'True', 'use_experimental_parser': 'False', 'empty': 'False', 'quiet': 'False', 'no_print': 'None', 'warn_error_options': 'WarnErrorOptions(include=[], exclude=[])', 'static_parser': 'True', 'invocation_command': 'dbt run', 'introspect': 'True', 'target_path': 'None', 'log_format': 'default', 'send_anonymous_usage_stats': 'True'}
[0m06:55:41.908548 [debug] [MainThread]: Sending event: {'category': 'dbt', 'action': 'project_id', 'label': '52aaa88c-cc2c-46b0-a526-4110a7566025', 'context': [<snowplow_tracker.self_describing_json.SelfDescribingJson object at 0x71eb8d5d92e0>]}
[0m06:55:41.979878 [debug] [MainThread]: Sending event: {'category': 'dbt', 'action': 'adapter_info', 'label': '52aaa88c-cc2c-46b0-a526-4110a7566025', 'context': [<snowplow_tracker.self_describing_json.SelfDescribingJson object at 0x71eb8cdcb7a0>]}
[0m06:55:41.981622 [info ] [MainThread]: Registered adapter: postgres=1.8.2
[0m06:55:42.087540 [debug] [MainThread]: checksum: 4af21dafb485259c48497ac86b711ddb1982f3d0f1c0ca4e09356de488b753c0, vars: {}, profile: , target: , version: 1.8.7
[0m06:55:42.091860 [info ] [MainThread]: Unable to do partial parsing because saved manifest not found. Starting full parse.
[0m06:55:42.093558 [debug] [MainThread]: Sending event: {'category': 'dbt', 'action': 'partial_parser', 'label': '52aaa88c-cc2c-46b0-a526-4110a7566025', 'context': [<snowplow_tracker.self_describing_json.SelfDescribingJson object at 0x71eb8c362a80>]}
[0m06:55:43.079375 [warn ] [MainThread]: [[33mWARNING[0m]: Deprecated functionality
The `tests` config has been renamed to `data_tests`. Please see
https://docs.getdbt.com/docs/build/data-tests#new-data_tests-syntax for more
information.
[0m06:55:43.080971 [debug] [MainThread]: Sending event: {'category': 'dbt', 'action': 'deprecation', 'label': '52aaa88c-cc2c-46b0-a526-4110a7566025', 'property_': 'warn', 'context': [<snowplow_tracker.self_describing_json.SelfDescribingJson object at 0x71eb8abafc20>]}
[0m06:55:43.282721 [debug] [MainThread]: Sending event: {'category': 'dbt', 'action': 'load_project', 'label': '52aaa88c-cc2c-46b0-a526-4110a7566025', 'context': [<snowplow_tracker.self_describing_json.SelfDescribingJson object at 0x71eb8abeef00>]}
[0m06:55:43.420513 [debug] [MainThread]: Sending event: {'category': 'dbt', 'action': 'resource_counts', 'label': '52aaa88c-cc2c-46b0-a526-4110a7566025', 'context': [<snowplow_tracker.self_describing_json.SelfDescribingJson object at 0x71eb8a3beae0>]}
[0m06:55:43.421899 [info ] [MainThread]: Found 1 model, 1 test, 428 macros
[0m06:55:43.423172 [debug] [MainThread]: Sending event: {'category': 'dbt', 'action': 'runnable_timing', 'label': '52aaa88c-cc2c-46b0-a526-4110a7566025', 'context': [<snowplow_tracker.self_describing_json.SelfDescribingJson object at 0x71eb8ab46ea0>]}
[0m06:55:43.426132 [info ] [MainThread]: 
[0m06:55:43.428098 [debug] [MainThread]: Acquiring new postgres connection 'master'
[0m06:55:43.430585 [debug] [ThreadPool]: Acquiring new postgres connection 'list_analytics'
[0m06:55:43.500576 [debug] [ThreadPool]: Using postgres connection "list_analytics"
[0m06:55:43.502237 [debug] [ThreadPool]: On list_analytics: /* {"app": "dbt", "dbt_version": "1.8.7", "profile_name": "demo_project", "target_name": "dev", "connection_name": "list_analytics"} */

    select distinct nspname from pg_namespace
  
[0m06:55:43.503617 [debug] [ThreadPool]: Opening a new connection, currently in state init
[0m06:55:43.515428 [debug] [ThreadPool]: SQL status: SELECT 4 in 0.012 seconds
[0m06:55:43.518234 [debug] [ThreadPool]: On list_analytics: Close
[0m06:55:43.521180 [debug] [ThreadPool]: Re-using an available connection from the pool (formerly list_analytics, now list_analytics_public)
[0m06:55:43.527748 [debug] [ThreadPool]: Using postgres connection "list_analytics_public"
[0m06:55:43.528978 [debug] [ThreadPool]: On list_analytics_public: BEGIN
[0m06:55:43.529998 [debug] [ThreadPool]: Opening a new connection, currently in state closed
[0m06:55:43.538210 [debug] [ThreadPool]: SQL status: BEGIN in 0.008 seconds
[0m06:55:43.539501 [debug] [ThreadPool]: Using postgres connection "list_analytics_public"
[0m06:55:43.541260 [debug] [ThreadPool]: On list_analytics_public: /* {"app": "dbt", "dbt_version": "1.8.7", "profile_name": "demo_project", "target_name": "dev", "connection_name": "list_analytics_public"} */
select
      'analytics' as database,
      tablename as name,
      schemaname as schema,
      'table' as type
    from pg_tables
    where schemaname ilike 'public'
    union all
    select
      'analytics' as database,
      viewname as name,
      schemaname as schema,
      'view' as type
    from pg_views
    where schemaname ilike 'public'
    union all
    select
      'analytics' as database,
      matviewname as name,
      schemaname as schema,
      'materialized_view' as type
    from pg_matviews
    where schemaname ilike 'public'
  
[0m06:55:43.545742 [debug] [ThreadPool]: SQL status: SELECT 0 in 0.003 seconds
[0m06:55:43.547653 [debug] [ThreadPool]: On list_analytics_public: ROLLBACK
[0m06:55:43.548726 [debug] [ThreadPool]: On list_analytics_public: Close
[0m06:55:43.553069 [debug] [MainThread]: Using postgres connection "master"
[0m06:55:43.554458 [debug] [MainThread]: On master: BEGIN
[0m06:55:43.556008 [debug] [MainThread]: Opening a new connection, currently in state init
[0m06:55:43.564043 [debug] [MainThread]: SQL status: BEGIN in 0.008 seconds
[0m06:55:43.565243 [debug] [MainThread]: Using postgres connection "master"
[0m06:55:43.566216 [debug] [MainThread]: On master: /* {"app": "dbt", "dbt_version": "1.8.7", "profile_name": "demo_project", "target_name": "dev", "connection_name": "master"} */
with relation as (
        select
            pg_rewrite.ev_class as class,
            pg_rewrite.oid as id
        from pg_rewrite
    ),
    class as (
        select
            oid as id,
            relname as name,
            relnamespace as schema,
            relkind as kind
        from pg_class
    ),
    dependency as (
        select distinct
            pg_depend.objid as id,
            pg_depend.refobjid as ref
        from pg_depend
    ),
    schema as (
        select
            pg_namespace.oid as id,
            pg_namespace.nspname as name
        from pg_namespace
        where nspname != 'information_schema' and nspname not like 'pg\_%'
    ),
    referenced as (
        select
            relation.id AS id,
            referenced_class.name ,
            referenced_class.schema ,
            referenced_class.kind
        from relation
        join class as referenced_class on relation.class=referenced_class.id
        where referenced_class.kind in ('r', 'v', 'm')
    ),
    relationships as (
        select
            referenced.name as referenced_name,
            referenced.schema as referenced_schema_id,
            dependent_class.name as dependent_name,
            dependent_class.schema as dependent_schema_id,
            referenced.kind as kind
        from referenced
        join dependency on referenced.id=dependency.id
        join class as dependent_class on dependency.ref=dependent_class.id
        where
            (referenced.name != dependent_class.name or
             referenced.schema != dependent_class.schema)
    )

    select
        referenced_schema.name as referenced_schema,
        relationships.referenced_name as referenced_name,
        dependent_schema.name as dependent_schema,
        relationships.dependent_name as dependent_name
    from relationships
    join schema as dependent_schema on relationships.dependent_schema_id=dependent_schema.id
    join schema as referenced_schema on relationships.referenced_schema_id=referenced_schema.id
    group by referenced_schema, referenced_name, dependent_schema, dependent_name
    order by referenced_schema, referenced_name, dependent_schema, dependent_name;
[0m06:55:43.569675 [debug] [MainThread]: SQL status: SELECT 0 in 0.003 seconds
[0m06:55:43.571779 [debug] [MainThread]: Sending event: {'category': 'dbt', 'action': 'runnable_timing', 'label': '52aaa88c-cc2c-46b0-a526-4110a7566025', 'context': [<snowplow_tracker.self_describing_json.SelfDescribingJson object at 0x71eb8a3d4200>]}
[0m06:55:43.573070 [debug] [MainThread]: On master: ROLLBACK
[0m06:55:43.574019 [debug] [MainThread]: Using postgres connection "master"
[0m06:55:43.574819 [debug] [MainThread]: On master: BEGIN
[0m06:55:43.575861 [debug] [MainThread]: SQL status: BEGIN in 0.000 seconds
[0m06:55:43.576930 [debug] [MainThread]: On master: COMMIT
[0m06:55:43.577777 [debug] [MainThread]: Using postgres connection "master"
[0m06:55:43.578484 [debug] [MainThread]: On master: COMMIT
[0m06:55:43.579342 [debug] [MainThread]: SQL status: COMMIT in 0.000 seconds
[0m06:55:43.580101 [debug] [MainThread]: On master: Close
[0m06:55:43.581113 [info ] [MainThread]: Concurrency: 1 threads (target='dev')
[0m06:55:43.583211 [info ] [MainThread]: 
[0m06:55:43.592244 [debug] [Thread-1 (]: Began running node model.demo_project.hello_dbt
[0m06:55:43.593376 [info ] [Thread-1 (]: 1 of 1 START sql table model public.hello_dbt .................................. [RUN]
[0m06:55:43.594281 [debug] [Thread-1 (]: Re-using an available connection from the pool (formerly list_analytics_public, now model.demo_project.hello_dbt)
[0m06:55:43.595094 [debug] [Thread-1 (]: Began compiling node model.demo_project.hello_dbt
[0m06:55:43.601495 [debug] [Thread-1 (]: Writing injected SQL for node "model.demo_project.hello_dbt"
[0m06:55:43.613954 [debug] [Thread-1 (]: Began executing node model.demo_project.hello_dbt
[0m06:55:43.730987 [debug] [Thread-1 (]: Writing runtime sql for node "model.demo_project.hello_dbt"
[0m06:55:43.746691 [debug] [Thread-1 (]: Using postgres connection "model.demo_project.hello_dbt"
[0m06:55:43.747827 [debug] [Thread-1 (]: On model.demo_project.hello_dbt: BEGIN
[0m06:55:43.748790 [debug] [Thread-1 (]: Opening a new connection, currently in state closed
[0m06:55:43.756812 [debug] [Thread-1 (]: SQL status: BEGIN in 0.008 seconds
[0m06:55:43.759037 [debug] [Thread-1 (]: Using postgres connection "model.demo_project.hello_dbt"
[0m06:55:43.760332 [debug] [Thread-1 (]: On model.demo_project.hello_dbt: /* {"app": "dbt", "dbt_version": "1.8.7", "profile_name": "demo_project", "target_name": "dev", "node_id": "model.demo_project.hello_dbt"} */

  
    

  create  table "analytics"."public"."hello_dbt__dbt_tmp"
  
  
    as
  
  (
    select
    'hello from dbt running in Docker Desktop' as message,
    current_timestamp as generated_at
  );
  
[0m06:55:43.767560 [debug] [Thread-1 (]: SQL status: SELECT 1 in 0.006 seconds
[0m06:55:43.775889 [debug] [Thread-1 (]: Using postgres connection "model.demo_project.hello_dbt"
[0m06:55:43.777170 [debug] [Thread-1 (]: On model.demo_project.hello_dbt: /* {"app": "dbt", "dbt_version": "1.8.7", "profile_name": "demo_project", "target_name": "dev", "node_id": "model.demo_project.hello_dbt"} */
alter table "analytics"."public"."hello_dbt__dbt_tmp" rename to "hello_dbt"
[0m06:55:43.778769 [debug] [Thread-1 (]: SQL status: ALTER TABLE in 0.000 seconds
[0m06:55:43.799877 [debug] [Thread-1 (]: On model.demo_project.hello_dbt: COMMIT
[0m06:55:43.801748 [debug] [Thread-1 (]: Using postgres connection "model.demo_project.hello_dbt"
[0m06:55:43.803219 [debug] [Thread-1 (]: On model.demo_project.hello_dbt: COMMIT
[0m06:55:43.807687 [debug] [Thread-1 (]: SQL status: COMMIT in 0.003 seconds
[0m06:55:43.815469 [debug] [Thread-1 (]: Applying DROP to: "analytics"."public"."hello_dbt__dbt_backup"
[0m06:55:43.823612 [debug] [Thread-1 (]: Using postgres connection "model.demo_project.hello_dbt"
[0m06:55:43.825567 [debug] [Thread-1 (]: On model.demo_project.hello_dbt: /* {"app": "dbt", "dbt_version": "1.8.7", "profile_name": "demo_project", "target_name": "dev", "node_id": "model.demo_project.hello_dbt"} */
drop table if exists "analytics"."public"."hello_dbt__dbt_backup" cascade
[0m06:55:43.827979 [debug] [Thread-1 (]: SQL status: DROP TABLE in 0.000 seconds
[0m06:55:43.832690 [debug] [Thread-1 (]: On model.demo_project.hello_dbt: Close
[0m06:55:43.837014 [debug] [Thread-1 (]: Sending event: {'category': 'dbt', 'action': 'run_model', 'label': '52aaa88c-cc2c-46b0-a526-4110a7566025', 'context': [<snowplow_tracker.self_describing_json.SelfDescribingJson object at 0x71eb885c4d10>]}
[0m06:55:43.839213 [info ] [Thread-1 (]: 1 of 1 OK created sql table model public.hello_dbt ............................. [[32mSELECT 1[0m in 0.24s]
[0m06:55:43.841305 [debug] [Thread-1 (]: Finished running node model.demo_project.hello_dbt
[0m06:55:43.844508 [debug] [MainThread]: Using postgres connection "master"
[0m06:55:43.846078 [debug] [MainThread]: On master: BEGIN
[0m06:55:43.847425 [debug] [MainThread]: Opening a new connection, currently in state closed
[0m06:55:43.857614 [debug] [MainThread]: SQL status: BEGIN in 0.010 seconds
[0m06:55:43.859097 [debug] [MainThread]: On master: COMMIT
[0m06:55:43.860299 [debug] [MainThread]: Using postgres connection "master"
[0m06:55:43.861214 [debug] [MainThread]: On master: COMMIT
[0m06:55:43.862500 [debug] [MainThread]: SQL status: COMMIT in 0.000 seconds
[0m06:55:43.863693 [debug] [MainThread]: On master: Close
[0m06:55:43.865059 [debug] [MainThread]: Connection 'master' was properly closed.
[0m06:55:43.866220 [debug] [MainThread]: Connection 'model.demo_project.hello_dbt' was properly closed.
[0m06:55:43.868379 [info ] [MainThread]: 
[0m06:55:43.870889 [info ] [MainThread]: Finished running 1 table model in 0 hours 0 minutes and 0.44 seconds (0.44s).
[0m06:55:43.874954 [debug] [MainThread]: Command end result
[0m06:55:43.939407 [info ] [MainThread]: 
[0m06:55:43.941036 [info ] [MainThread]: [32mCompleted successfully[0m
[0m06:55:43.942599 [info ] [MainThread]: 
[0m06:55:43.943884 [info ] [MainThread]: Done. PASS=1 WARN=0 ERROR=0 SKIP=0 TOTAL=1
[0m06:55:43.946785 [debug] [MainThread]: Resource report: {"command_name": "run", "command_success": true, "command_wall_clock_time": 2.3284163, "process_user_time": 4.110636, "process_kernel_time": 0.39517, "process_mem_max_rss": "158020", "process_in_blocks": "104", "process_out_blocks": "0"}
[0m06:55:43.948547 [debug] [MainThread]: Command `dbt run` succeeded at 06:55:43.948372 after 2.33 seconds
[0m06:55:43.949913 [debug] [MainThread]: Sending event: {'category': 'dbt', 'action': 'invocation', 'label': 'end', 'context': [<snowplow_tracker.self_describing_json.SelfDescribingJson object at 0x71eb8c97bc80>, <snowplow_tracker.self_describing_json.SelfDescribingJson object at 0x71eb8c8dc6e0>, <snowplow_tracker.self_describing_json.SelfDescribingJson object at 0x71eb8afa6ed0>]}
[0m06:55:43.951463 [debug] [MainThread]: Flushing usage events
[0m06:55:47.787768 [debug] [MainThread]: Sending event: {'category': 'dbt', 'action': 'invocation', 'label': 'start', 'context': [<snowplow_tracker.self_describing_json.SelfDescribingJson object at 0x7417e47f0aa0>, <snowplow_tracker.self_describing_json.SelfDescribingJson object at 0x7417e4064ad0>, <snowplow_tracker.self_describing_json.SelfDescribingJson object at 0x7417e4017230>]}


============================== 06:55:47.794865 | f17e0d3d-99c4-467c-bf9a-98c397c45e7e ==============================
[0m06:55:47.794865 [info ] [MainThread]: Running with dbt=1.8.7
[0m06:55:47.795894 [debug] [MainThread]: running dbt with arguments {'printer_width': '80', 'indirect_selection': 'eager', 'log_cache_events': 'False', 'write_json': 'True', 'partial_parse': 'True', 'cache_selected_only': 'False', 'warn_error': 'None', 'fail_fast': 'False', 'profiles_dir': '/opt/airflow/dbt/profiles', 'log_path': '/opt/airflow/dbt/logs', 'version_check': 'True', 'debug': 'False', 'use_colors': 'True', 'use_experimental_parser': 'False', 'no_print': 'None', 'quiet': 'False', 'empty': 'None', 'log_format': 'default', 'introspect': 'True', 'warn_error_options': 'WarnErrorOptions(include=[], exclude=[])', 'invocation_command': 'dbt test', 'target_path': 'None', 'static_parser': 'True', 'send_anonymous_usage_stats': 'True'}
[0m06:55:47.987344 [debug] [MainThread]: Sending event: {'category': 'dbt', 'action': 'project_id', 'label': 'f17e0d3d-99c4-467c-bf9a-98c397c45e7e', 'context': [<snowplow_tracker.self_describing_json.SelfDescribingJson object at 0x7417e3b38f50>]}
[0m06:55:48.049767 [debug] [MainThread]: Sending event: {'category': 'dbt', 'action': 'adapter_info', 'label': 'f17e0d3d-99c4-467c-bf9a-98c397c45e7e', 'context': [<snowplow_tracker.self_describing_json.SelfDescribingJson object at 0x7417e4da4800>]}
[0m06:55:48.051523 [info ] [MainThread]: Registered adapter: postgres=1.8.2
[0m06:55:48.147670 [debug] [MainThread]: checksum: 4af21dafb485259c48497ac86b711ddb1982f3d0f1c0ca4e09356de488b753c0, vars: {}, profile: , target: , version: 1.8.7
[0m06:55:48.300552 [debug] [MainThread]: Partial parsing enabled: 0 files deleted, 0 files added, 0 files changed.
[0m06:55:48.301977 [debug] [MainThread]: Partial parsing enabled, no changes found, skipping parsing
[0m06:55:48.343633 [debug] [MainThread]: Sending event: {'category': 'dbt', 'action': 'load_project', 'label': 'f17e0d3d-99c4-467c-bf9a-98c397c45e7e', 'context': [<snowplow_tracker.self_describing_json.SelfDescribingJson object at 0x7417e333a540>]}
[0m06:55:48.477629 [debug] [MainThread]: Sending event: {'category': 'dbt', 'action': 'resource_counts', 'label': 'f17e0d3d-99c4-467c-bf9a-98c397c45e7e', 'context': [<snowplow_tracker.self_describing_json.SelfDescribingJson object at 0x7417e238c170>]}
[0m06:55:48.479471 [info ] [MainThread]: Found 1 model, 1 test, 428 macros
[0m06:55:48.481098 [debug] [MainThread]: Sending event: {'category': 'dbt', 'action': 'runnable_timing', 'label': 'f17e0d3d-99c4-467c-bf9a-98c397c45e7e', 'context': [<snowplow_tracker.self_describing_json.SelfDescribingJson object at 0x7417e236ae40>]}
[0m06:55:48.483888 [info ] [MainThread]: 
[0m06:55:48.485698 [debug] [MainThread]: Acquiring new postgres connection 'master'
[0m06:55:48.488079 [debug] [ThreadPool]: Acquiring new postgres connection 'list_analytics_public'
[0m06:55:48.538539 [debug] [ThreadPool]: Using postgres connection "list_analytics_public"
[0m06:55:48.540025 [debug] [ThreadPool]: On list_analytics_public: BEGIN
[0m06:55:48.541150 [debug] [ThreadPool]: Opening a new connection, currently in state init
[0m06:55:48.550329 [debug] [ThreadPool]: SQL status: BEGIN in 0.009 seconds
[0m06:55:48.552312 [debug] [ThreadPool]: Using postgres connection "list_analytics_public"
[0m06:55:48.553622 [debug] [ThreadPool]: On list_analytics_public: /* {"app": "dbt", "dbt_version": "1.8.7", "profile_name": "demo_project", "target_name": "dev", "connection_name": "list_analytics_public"} */
select
      'analytics' as database,
      tablename as name,
      schemaname as schema,
      'table' as type
    from pg_tables
    where schemaname ilike 'public'
    union all
    select
      'analytics' as database,
      viewname as name,
      schemaname as schema,
      'view' as type
    from pg_views
    where schemaname ilike 'public'
    union all
    select
      'analytics' as database,
      matviewname as name,
      schemaname as schema,
      'materialized_view' as type
    from pg_matviews
    where schemaname ilike 'public'
  
[0m06:55:48.558670 [debug] [ThreadPool]: SQL status: SELECT 1 in 0.004 seconds
[0m06:55:48.561057 [debug] [ThreadPool]: On list_analytics_public: ROLLBACK
[0m06:55:48.562086 [debug] [ThreadPool]: On list_analytics_public: Close
[0m06:55:48.567155 [debug] [MainThread]: Using postgres connection "master"
[0m06:55:48.568324 [debug] [MainThread]: On master: BEGIN
[0m06:55:48.569192 [debug] [MainThread]: Opening a new connection, currently in state init
[0m06:55:48.576076 [debug] [MainThread]: SQL status: BEGIN in 0.007 seconds
[0m06:55:48.577105 [debug] [MainThread]: Using postgres connection "master"
[0m06:55:48.578102 [debug] [MainThread]: On master: /* {"app": "dbt", "dbt_version": "1.8.7", "profile_name": "demo_project", "target_name": "dev", "connection_name": "master"} */
with relation as (
        select
            pg_rewrite.ev_class as class,
            pg_rewrite.oid as id
        from pg_rewrite
    ),
    class as (
        select
            oid as id,
            relname as name,
            relnamespace as schema,
            relkind as kind
        from pg_class
    ),
    dependency as (
        select distinct
            pg_depend.objid as id,
            pg_depend.refobjid as ref
        from pg_depend
    ),
    schema as (
        select
            pg_namespace.oid as id,
            pg_namespace.nspname as name
        from pg_namespace
        where nspname != 'information_schema' and nspname not like 'pg\_%'
    ),
    referenced as (
        select
            relation.id AS id,
            referenced_class.name ,
            referenced_class.schema ,
            referenced_class.kind
        from relation
        join class as referenced_class on relation.class=referenced_class.id
        where referenced_class.kind in ('r', 'v', 'm')
    ),
    relationships as (
        select
            referenced.name as referenced_name,
            referenced.schema as referenced_schema_id,
            dependent_class.name as dependent_name,
            dependent_class.schema as dependent_schema_id,
            referenced.kind as kind
        from referenced
        join dependency on referenced.id=dependency.id
        join class as dependent_class on dependency.ref=dependent_class.id
        where
            (referenced.name != dependent_class.name or
             referenced.schema != dependent_class.schema)
    )

    select
        referenced_schema.name as referenced_schema,
        relationships.referenced_name as referenced_name,
        dependent_schema.name as dependent_schema,
        relationships.dependent_name as dependent_name
    from relationships
    join schema as dependent_schema on relationships.dependent_schema_id=dependent_schema.id
    join schema as referenced_schema on relationships.referenced_schema_id=referenced_schema.id
    group by referenced_schema, referenced_name, dependent_schema, dependent_name
    order by referenced_schema, referenced_name, dependent_schema, dependent_name;
[0m06:55:48.583288 [debug] [MainThread]: SQL status: SELECT 0 in 0.004 seconds
[0m06:55:48.585373 [debug] [MainThread]: Sending event: {'category': 'dbt', 'action': 'runnable_timing', 'label': 'f17e0d3d-99c4-467c-bf9a-98c397c45e7e', 'context': [<snowplow_tracker.self_describing_json.SelfDescribingJson object at 0x7417e238dd90>]}
[0m06:55:48.586435 [debug] [MainThread]: On master: ROLLBACK
[0m06:55:48.587381 [debug] [MainThread]: Using postgres connection "master"
[0m06:55:48.588177 [debug] [MainThread]: On master: BEGIN
[0m06:55:48.589234 [debug] [MainThread]: SQL status: BEGIN in 0.000 seconds
[0m06:55:48.590154 [debug] [MainThread]: On master: COMMIT
[0m06:55:48.591012 [debug] [MainThread]: Using postgres connection "master"
[0m06:55:48.591774 [debug] [MainThread]: On master: COMMIT
[0m06:55:48.592696 [debug] [MainThread]: SQL status: COMMIT in 0.000 seconds
[0m06:55:48.593473 [debug] [MainThread]: On master: Close
[0m06:55:48.594459 [info ] [MainThread]: Concurrency: 1 threads (target='dev')
[0m06:55:48.595348 [info ] [MainThread]: 
[0m06:55:48.604836 [debug] [Thread-1 (]: Began running node test.demo_project.not_null_hello_dbt_message.d7182b8860
[0m06:55:48.605852 [info ] [Thread-1 (]: 1 of 1 START test not_null_hello_dbt_message ................................... [RUN]
[0m06:55:48.606767 [debug] [Thread-1 (]: Re-using an available connection from the pool (formerly list_analytics_public, now test.demo_project.not_null_hello_dbt_message.d7182b8860)
[0m06:55:48.607530 [debug] [Thread-1 (]: Began compiling node test.demo_project.not_null_hello_dbt_message.d7182b8860
[0m06:55:48.625598 [debug] [Thread-1 (]: Writing injected SQL for node "test.demo_project.not_null_hello_dbt_message.d7182b8860"
[0m06:55:48.641336 [debug] [Thread-1 (]: Began executing node test.demo_project.not_null_hello_dbt_message.d7182b8860
[0m06:55:48.660889 [debug] [Thread-1 (]: Writing runtime sql for node "test.demo_project.not_null_hello_dbt_message.d7182b8860"
[0m06:55:48.675098 [debug] [Thread-1 (]: Using postgres connection "test.demo_project.not_null_hello_dbt_message.d7182b8860"
[0m06:55:48.677077 [debug] [Thread-1 (]: On test.demo_project.not_null_hello_dbt_message.d7182b8860: BEGIN
[0m06:55:48.678154 [debug] [Thread-1 (]: Opening a new connection, currently in state closed
[0m06:55:48.686353 [debug] [Thread-1 (]: SQL status: BEGIN in 0.008 seconds
[0m06:55:48.687650 [debug] [Thread-1 (]: Using postgres connection "test.demo_project.not_null_hello_dbt_message.d7182b8860"
[0m06:55:48.688967 [debug] [Thread-1 (]: On test.demo_project.not_null_hello_dbt_message.d7182b8860: /* {"app": "dbt", "dbt_version": "1.8.7", "profile_name": "demo_project", "target_name": "dev", "node_id": "test.demo_project.not_null_hello_dbt_message.d7182b8860"} */
select
      count(*) as failures,
      count(*) != 0 as should_warn,
      count(*) != 0 as should_error
    from (
      
    
    



select message
from "analytics"."public"."hello_dbt"
where message is null



      
    ) dbt_internal_test
[0m06:55:48.691068 [debug] [Thread-1 (]: SQL status: SELECT 1 in 0.001 seconds
[0m06:55:48.696433 [debug] [Thread-1 (]: On test.demo_project.not_null_hello_dbt_message.d7182b8860: ROLLBACK
[0m06:55:48.697840 [debug] [Thread-1 (]: On test.demo_project.not_null_hello_dbt_message.d7182b8860: Close
[0m06:55:48.699204 [info ] [Thread-1 (]: 1 of 1 PASS not_null_hello_dbt_message ......................................... [[32mPASS[0m in 0.09s]
[0m06:55:48.700554 [debug] [Thread-1 (]: Finished running node test.demo_project.not_null_hello_dbt_message.d7182b8860
[0m06:55:48.702722 [debug] [MainThread]: Using postgres connection "master"
[0m06:55:48.703490 [debug] [MainThread]: On master: BEGIN
[0m06:55:48.704268 [debug] [MainThread]: Opening a new connection, currently in state closed
[0m06:55:48.712661 [debug] [MainThread]: SQL status: BEGIN in 0.008 seconds
[0m06:55:48.713888 [debug] [MainThread]: On master: COMMIT
[0m06:55:48.714873 [debug] [MainThread]: Using postgres connection "master"
[0m06:55:48.715701 [debug] [MainThread]: On master: COMMIT
[0m06:55:48.716793 [debug] [MainThread]: SQL status: COMMIT in 0.000 seconds
[0m06:55:48.717631 [debug] [MainThread]: On master: Close
[0m06:55:48.718645 [debug] [MainThread]: Connection 'master' was properly closed.
[0m06:55:48.719635 [debug] [MainThread]: Connection 'test.demo_project.not_null_hello_dbt_message.d7182b8860' was properly closed.
[0m06:55:48.720859 [info ] [MainThread]: 
[0m06:55:48.721763 [info ] [MainThread]: Finished running 1 test in 0 hours 0 minutes and 0.24 seconds (0.24s).
[0m06:55:48.723643 [debug] [MainThread]: Command end result
[0m06:55:48.769083 [info ] [MainThread]: 
[0m06:55:48.771128 [info ] [MainThread]: [32mCompleted successfully[0m
[0m06:55:48.773083 [info ] [MainThread]: 
[0m06:55:48.774638 [info ] [MainThread]: Done. PASS=1 WARN=0 ERROR=0 SKIP=0 TOTAL=1
[0m06:55:48.776392 [debug] [MainThread]: Resource report: {"command_name": "test", "command_success": true, "command_wall_clock_time": 1.0651006, "process_user_time": 2.870839, "process_kernel_time": 0.326622, "process_mem_max_rss": "158016", "process_in_blocks": "56", "process_out_blocks": "0"}
[0m06:55:48.777685 [debug] [MainThread]: Command `dbt test` succeeded at 06:55:48.777556 after 1.07 seconds
[0m06:55:48.778802 [debug] [MainThread]: Sending event: {'category': 'dbt', 'action': 'invocation', 'label': 'end', 'context': [<snowplow_tracker.self_describing_json.SelfDescribingJson object at 0x7417e47f0aa0>, <snowplow_tracker.self_describing_json.SelfDescribingJson object at 0x7417e481a8a0>, <snowplow_tracker.self_describing_json.SelfDescribingJson object at 0x7417e426b7d0>]}
[0m06:55:48.779783 [debug] [MainThread]: Flushing usage events
[0m05:40:21.195152 [debug] [MainThread]: Sending event: {'category': 'dbt', 'action': 'invocation', 'label': 'start', 'context': [<snowplow_tracker.self_describing_json.SelfDescribingJson object at 0x7afd1a85b8f0>, <snowplow_tracker.self_describing_json.SelfDescribingJson object at 0x7afd1a72bfb0>, <snowplow_tracker.self_describing_json.SelfDescribingJson object at 0x7afd19d0e2a0>]}


============================== 05:40:21.225759 | 6531d3d9-81ab-4586-bb62-a8f939c4b97a ==============================
[0m05:40:21.225759 [info ] [MainThread]: Running with dbt=1.8.7
[0m05:40:21.227524 [debug] [MainThread]: running dbt with arguments {'printer_width': '80', 'indirect_selection': 'eager', 'write_json': 'True', 'log_cache_events': 'False', 'partial_parse': 'True', 'cache_selected_only': 'False', 'profiles_dir': '/opt/airflow/dbt/profiles', 'version_check': 'True', 'debug': 'False', 'log_path': '/opt/airflow/dbt/logs', 'fail_fast': 'False', 'warn_error': 'None', 'use_colors': 'True', 'use_experimental_parser': 'False', 'no_print': 'None', 'quiet': 'False', 'empty': 'None', 'warn_error_options': 'WarnErrorOptions(include=[], exclude=[])', 'introspect': 'True', 'log_format': 'default', 'invocation_command': 'dbt debug', 'target_path': 'None', 'static_parser': 'True', 'send_anonymous_usage_stats': 'True'}
[0m05:40:21.262012 [info ] [MainThread]: dbt version: 1.8.7
[0m05:40:21.263412 [info ] [MainThread]: python version: 3.12.4
[0m05:40:21.264650 [info ] [MainThread]: python path: /home/airflow/.local/bin/python
[0m05:40:21.265759 [info ] [MainThread]: os info: Linux-6.6.87.2-microsoft-standard-WSL2-x86_64-with-glibc2.36
[0m05:40:21.346283 [info ] [MainThread]: Using profiles dir at /opt/airflow/dbt/profiles
[0m05:40:21.347889 [info ] [MainThread]: Using profiles.yml file at /opt/airflow/dbt/profiles/profiles.yml
[0m05:40:21.348778 [info ] [MainThread]: Using dbt_project.yml file at /opt/airflow/dbt/dbt_project.yml
[0m05:40:21.349993 [info ] [MainThread]: adapter type: postgres
[0m05:40:21.350886 [info ] [MainThread]: adapter version: 1.8.2
[0m05:40:21.446037 [info ] [MainThread]: Configuration:
[0m05:40:21.447182 [info ] [MainThread]:   profiles.yml file [[32mOK found and valid[0m]
[0m05:40:21.448059 [info ] [MainThread]:   dbt_project.yml file [[32mOK found and valid[0m]
[0m05:40:21.448919 [info ] [MainThread]: Required dependencies:
[0m05:40:21.449739 [debug] [MainThread]: Executing "git --help"
[0m05:40:21.453191 [debug] [MainThread]: STDOUT: "b"usage: git [-v | --version] [-h | --help] [-C <path>] [-c <name>=<value>]\n           [--exec-path[=<path>]] [--html-path] [--man-path] [--info-path]\n           [-p | --paginate | -P | --no-pager] [--no-replace-objects] [--bare]\n           [--git-dir=<path>] [--work-tree=<path>] [--namespace=<name>]\n           [--super-prefix=<path>] [--config-env=<name>=<envvar>]\n           <command> [<args>]\n\nThese are common Git commands used in various situations:\n\nstart a working area (see also: git help tutorial)\n   clone     Clone a repository into a new directory\n   init      Create an empty Git repository or reinitialize an existing one\n\nwork on the current change (see also: git help everyday)\n   add       Add file contents to the index\n   mv        Move or rename a file, a directory, or a symlink\n   restore   Restore working tree files\n   rm        Remove files from the working tree and from the index\n\nexamine the history and state (see also: git help revisions)\n   bisect    Use binary search to find the commit that introduced a bug\n   diff      Show changes between commits, commit and working tree, etc\n   grep      Print lines matching a pattern\n   log       Show commit logs\n   show      Show various types of objects\n   status    Show the working tree status\n\ngrow, mark and tweak your common history\n   branch    List, create, or delete branches\n   commit    Record changes to the repository\n   merge     Join two or more development histories together\n   rebase    Reapply commits on top of another base tip\n   reset     Reset current HEAD to the specified state\n   switch    Switch branches\n   tag       Create, list, delete or verify a tag object signed with GPG\n\ncollaborate (see also: git help workflows)\n   fetch     Download objects and refs from another repository\n   pull      Fetch from and integrate with another repository or a local branch\n   push      Update remote refs along with associated objects\n\n'git help -a' and 'git help -g' list available subcommands and some\nconcept guides. See 'git help <command>' or 'git help <concept>'\nto read about a specific subcommand or concept.\nSee 'git help git' for an overview of the system.\n""
[0m05:40:21.455438 [debug] [MainThread]: STDERR: "b''"
[0m05:40:21.456386 [info ] [MainThread]:  - git [[32mOK found[0m]

[0m05:40:21.457338 [info ] [MainThread]: Connection:
[0m05:40:21.458209 [info ] [MainThread]:   host: postgres
[0m05:40:21.459036 [info ] [MainThread]:   port: 5432
[0m05:40:21.459885 [info ] [MainThread]:   user: airflow
[0m05:40:21.460711 [info ] [MainThread]:   database: analytics
[0m05:40:21.461536 [info ] [MainThread]:   schema: public
[0m05:40:21.462414 [info ] [MainThread]:   connect_timeout: 10
[0m05:40:21.463234 [info ] [MainThread]:   role: None
[0m05:40:21.464157 [info ] [MainThread]:   search_path: None
[0m05:40:21.465235 [info ] [MainThread]:   keepalives_idle: 0
[0m05:40:21.466821 [info ] [MainThread]:   sslmode: None
[0m05:40:21.468063 [info ] [MainThread]:   sslcert: None
[0m05:40:21.469070 [info ] [MainThread]:   sslkey: None
[0m05:40:21.469932 [info ] [MainThread]:   sslrootcert: None
[0m05:40:21.470845 [info ] [MainThread]:   application_name: dbt
[0m05:40:21.471658 [info ] [MainThread]:   retries: 1
[0m05:40:21.472580 [info ] [MainThread]: Registered adapter: postgres=1.8.2
[0m05:40:21.546325 [debug] [MainThread]: Acquiring new postgres connection 'debug'
[0m05:40:21.577378 [debug] [MainThread]: Using postgres connection "debug"
[0m05:40:21.578726 [debug] [MainThread]: On debug: select 1 as id
[0m05:40:21.579805 [debug] [MainThread]: Opening a new connection, currently in state init
[0m05:40:21.589269 [debug] [MainThread]: SQL status: SELECT 1 in 0.009 seconds
[0m05:40:21.591065 [debug] [MainThread]: On debug: Close
[0m05:40:21.592233 [info ] [MainThread]:   Connection test: [[32mOK connection ok[0m]

[0m05:40:21.593956 [info ] [MainThread]: [32mAll checks passed![0m
[0m05:40:21.595685 [debug] [MainThread]: Resource report: {"command_name": "debug", "command_success": true, "command_wall_clock_time": 0.59798574, "process_user_time": 2.813479, "process_kernel_time": 0.368908, "process_mem_max_rss": "157768", "process_in_blocks": "9992", "process_out_blocks": "4944"}
[0m05:40:21.596775 [debug] [MainThread]: Command `dbt debug` succeeded at 05:40:21.596663 after 0.60 seconds
[0m05:40:21.597900 [debug] [MainThread]: Connection 'debug' was properly closed.
[0m05:40:21.599281 [debug] [MainThread]: Sending event: {'category': 'dbt', 'action': 'invocation', 'label': 'end', 'context': [<snowplow_tracker.self_describing_json.SelfDescribingJson object at 0x7afd1a534830>, <snowplow_tracker.self_describing_json.SelfDescribingJson object at 0x7afd198f0a40>, <snowplow_tracker.self_describing_json.SelfDescribingJson object at 0x7afd19e08bf0>]}
[0m05:40:21.600630 [debug] [MainThread]: Flushing usage events
[0m05:40:25.513004 [debug] [MainThread]: Sending event: {'category': 'dbt', 'action': 'invocation', 'label': 'start', 'context': [<snowplow_tracker.self_describing_json.SelfDescribingJson object at 0x7112b08e8b60>, <snowplow_tracker.self_describing_json.SelfDescribingJson object at 0x7112b327eb70>, <snowplow_tracker.self_describing_json.SelfDescribingJson object at 0x7112b08e83b0>]}


============================== 05:40:25.520621 | 1fd6a70e-77bd-4f92-a382-2605c33a100a ==============================
[0m05:40:25.520621 [info ] [MainThread]: Running with dbt=1.8.7
[0m05:40:25.521798 [debug] [MainThread]: running dbt with arguments {'printer_width': '80', 'indirect_selection': 'eager', 'write_json': 'True', 'log_cache_events': 'False', 'partial_parse': 'True', 'cache_selected_only': 'False', 'warn_error': 'None', 'debug': 'False', 'profiles_dir': '/opt/airflow/dbt/profiles', 'log_path': '/opt/airflow/dbt/logs', 'version_check': 'True', 'fail_fast': 'False', 'use_colors': 'True', 'use_experimental_parser': 'False', 'empty': 'False', 'quiet': 'False', 'no_print': 'None', 'warn_error_options': 'WarnErrorOptions(include=[], exclude=[])', 'static_parser': 'True', 'invocation_command': 'dbt run', 'log_format': 'default', 'target_path': 'None', 'introspect': 'True', 'send_anonymous_usage_stats': 'True'}
[0m05:40:25.704126 [debug] [MainThread]: Sending event: {'category': 'dbt', 'action': 'project_id', 'label': '1fd6a70e-77bd-4f92-a382-2605c33a100a', 'context': [<snowplow_tracker.self_describing_json.SelfDescribingJson object at 0x7112afb1d130>]}
[0m05:40:25.760048 [debug] [MainThread]: Sending event: {'category': 'dbt', 'action': 'adapter_info', 'label': '1fd6a70e-77bd-4f92-a382-2605c33a100a', 'context': [<snowplow_tracker.self_describing_json.SelfDescribingJson object at 0x7112b0c168a0>]}
[0m05:40:25.761612 [info ] [MainThread]: Registered adapter: postgres=1.8.2
[0m05:40:25.843843 [debug] [MainThread]: checksum: 4af21dafb485259c48497ac86b711ddb1982f3d0f1c0ca4e09356de488b753c0, vars: {}, profile: , target: , version: 1.8.7
[0m05:40:26.116317 [debug] [MainThread]: Partial parsing enabled: 0 files deleted, 1 files added, 1 files changed.
[0m05:40:26.117619 [debug] [MainThread]: Partial parsing: added file: demo_project://models/fct_events.sql
[0m05:40:26.118570 [debug] [MainThread]: Partial parsing: updated file: demo_project://models/schema.yml
[0m05:40:26.359476 [warn ] [MainThread]: [[33mWARNING[0m]: Deprecated functionality
The `tests` config has been renamed to `data_tests`. Please see
https://docs.getdbt.com/docs/build/data-tests#new-data_tests-syntax for more
information.
[0m05:40:26.361007 [debug] [MainThread]: Sending event: {'category': 'dbt', 'action': 'deprecation', 'label': '1fd6a70e-77bd-4f92-a382-2605c33a100a', 'property_': 'warn', 'context': [<snowplow_tracker.self_describing_json.SelfDescribingJson object at 0x7112ae1824b0>]}
[0m05:40:26.622606 [debug] [MainThread]: Sending event: {'category': 'dbt', 'action': 'load_project', 'label': '1fd6a70e-77bd-4f92-a382-2605c33a100a', 'context': [<snowplow_tracker.self_describing_json.SelfDescribingJson object at 0x7112af6a3aa0>]}
[0m05:40:26.817353 [debug] [MainThread]: Sending event: {'category': 'dbt', 'action': 'resource_counts', 'label': '1fd6a70e-77bd-4f92-a382-2605c33a100a', 'context': [<snowplow_tracker.self_describing_json.SelfDescribingJson object at 0x7112ae9222a0>]}
[0m05:40:26.819054 [info ] [MainThread]: Found 2 models, 4 data tests, 1 source, 428 macros
[0m05:40:26.820518 [debug] [MainThread]: Sending event: {'category': 'dbt', 'action': 'runnable_timing', 'label': '1fd6a70e-77bd-4f92-a382-2605c33a100a', 'context': [<snowplow_tracker.self_describing_json.SelfDescribingJson object at 0x7112ad94a1e0>]}
[0m05:40:26.823962 [info ] [MainThread]: 
[0m05:40:26.825762 [debug] [MainThread]: Acquiring new postgres connection 'master'
[0m05:40:26.831437 [debug] [ThreadPool]: Acquiring new postgres connection 'list_analytics'
[0m05:40:26.876391 [debug] [ThreadPool]: Using postgres connection "list_analytics"
[0m05:40:26.878111 [debug] [ThreadPool]: On list_analytics: /* {"app": "dbt", "dbt_version": "1.8.7", "profile_name": "demo_project", "target_name": "dev", "connection_name": "list_analytics"} */

    select distinct nspname from pg_namespace
  
[0m05:40:26.879668 [debug] [ThreadPool]: Opening a new connection, currently in state init
[0m05:40:26.891036 [debug] [ThreadPool]: SQL status: SELECT 4 in 0.011 seconds
[0m05:40:26.893768 [debug] [ThreadPool]: On list_analytics: Close
[0m05:40:26.896694 [debug] [ThreadPool]: Re-using an available connection from the pool (formerly list_analytics, now list_analytics_public)
[0m05:40:26.903292 [debug] [ThreadPool]: Using postgres connection "list_analytics_public"
[0m05:40:26.904473 [debug] [ThreadPool]: On list_analytics_public: BEGIN
[0m05:40:26.905572 [debug] [ThreadPool]: Opening a new connection, currently in state closed
[0m05:40:26.914097 [debug] [ThreadPool]: SQL status: BEGIN in 0.008 seconds
[0m05:40:26.915135 [debug] [ThreadPool]: Using postgres connection "list_analytics_public"
[0m05:40:26.915949 [debug] [ThreadPool]: On list_analytics_public: /* {"app": "dbt", "dbt_version": "1.8.7", "profile_name": "demo_project", "target_name": "dev", "connection_name": "list_analytics_public"} */
select
      'analytics' as database,
      tablename as name,
      schemaname as schema,
      'table' as type
    from pg_tables
    where schemaname ilike 'public'
    union all
    select
      'analytics' as database,
      viewname as name,
      schemaname as schema,
      'view' as type
    from pg_views
    where schemaname ilike 'public'
    union all
    select
      'analytics' as database,
      matviewname as name,
      schemaname as schema,
      'materialized_view' as type
    from pg_matviews
    where schemaname ilike 'public'
  
[0m05:40:26.920054 [debug] [ThreadPool]: SQL status: SELECT 1 in 0.003 seconds
[0m05:40:26.922025 [debug] [ThreadPool]: On list_analytics_public: ROLLBACK
[0m05:40:26.923052 [debug] [ThreadPool]: On list_analytics_public: Close
[0m05:40:26.928063 [debug] [MainThread]: Using postgres connection "master"
[0m05:40:26.929067 [debug] [MainThread]: On master: BEGIN
[0m05:40:26.929843 [debug] [MainThread]: Opening a new connection, currently in state init
[0m05:40:26.936809 [debug] [MainThread]: SQL status: BEGIN in 0.007 seconds
[0m05:40:26.937815 [debug] [MainThread]: Using postgres connection "master"
[0m05:40:26.938663 [debug] [MainThread]: On master: /* {"app": "dbt", "dbt_version": "1.8.7", "profile_name": "demo_project", "target_name": "dev", "connection_name": "master"} */
with relation as (
        select
            pg_rewrite.ev_class as class,
            pg_rewrite.oid as id
        from pg_rewrite
    ),
    class as (
        select
            oid as id,
            relname as name,
            relnamespace as schema,
            relkind as kind
        from pg_class
    ),
    dependency as (
        select distinct
            pg_depend.objid as id,
            pg_depend.refobjid as ref
        from pg_depend
    ),
    schema as (
        select
            pg_namespace.oid as id,
            pg_namespace.nspname as name
        from pg_namespace
        where nspname != 'information_schema' and nspname not like 'pg\_%'
    ),
    referenced as (
        select
            relation.id AS id,
            referenced_class.name ,
            referenced_class.schema ,
            referenced_class.kind
        from relation
        join class as referenced_class on relation.class=referenced_class.id
        where referenced_class.kind in ('r', 'v', 'm')
    ),
    relationships as (
        select
            referenced.name as referenced_name,
            referenced.schema as referenced_schema_id,
            dependent_class.name as dependent_name,
            dependent_class.schema as dependent_schema_id,
            referenced.kind as kind
        from referenced
        join dependency on referenced.id=dependency.id
        join class as dependent_class on dependency.ref=dependent_class.id
        where
            (referenced.name != dependent_class.name or
             referenced.schema != dependent_class.schema)
    )

    select
        referenced_schema.name as referenced_schema,
        relationships.referenced_name as referenced_name,
        dependent_schema.name as dependent_schema,
        relationships.dependent_name as dependent_name
    from relationships
    join schema as dependent_schema on relationships.dependent_schema_id=dependent_schema.id
    join schema as referenced_schema on relationships.referenced_schema_id=referenced_schema.id
    group by referenced_schema, referenced_name, dependent_schema, dependent_name
    order by referenced_schema, referenced_name, dependent_schema, dependent_name;
[0m05:40:26.943405 [debug] [MainThread]: SQL status: SELECT 0 in 0.004 seconds
[0m05:40:26.945210 [debug] [MainThread]: Sending event: {'category': 'dbt', 'action': 'runnable_timing', 'label': '1fd6a70e-77bd-4f92-a382-2605c33a100a', 'context': [<snowplow_tracker.self_describing_json.SelfDescribingJson object at 0x7112b0f04560>]}
[0m05:40:26.946156 [debug] [MainThread]: On master: ROLLBACK
[0m05:40:26.947152 [debug] [MainThread]: Using postgres connection "master"
[0m05:40:26.947943 [debug] [MainThread]: On master: BEGIN
[0m05:40:26.949019 [debug] [MainThread]: SQL status: BEGIN in 0.000 seconds
[0m05:40:26.949917 [debug] [MainThread]: On master: COMMIT
[0m05:40:26.950760 [debug] [MainThread]: Using postgres connection "master"
[0m05:40:26.951511 [debug] [MainThread]: On master: COMMIT
[0m05:40:26.952404 [debug] [MainThread]: SQL status: COMMIT in 0.000 seconds
[0m05:40:26.953226 [debug] [MainThread]: On master: Close
[0m05:40:26.954266 [info ] [MainThread]: Concurrency: 1 threads (target='dev')
[0m05:40:26.955217 [info ] [MainThread]: 
[0m05:40:26.965652 [debug] [Thread-1 (]: Began running node model.demo_project.fct_events
[0m05:40:26.967056 [info ] [Thread-1 (]: 1 of 2 START sql incremental model public.fct_events ........................... [RUN]
[0m05:40:26.968309 [debug] [Thread-1 (]: Re-using an available connection from the pool (formerly list_analytics_public, now model.demo_project.fct_events)
[0m05:40:26.969338 [debug] [Thread-1 (]: Began compiling node model.demo_project.fct_events
[0m05:40:26.977974 [debug] [Thread-1 (]: Writing injected SQL for node "model.demo_project.fct_events"
[0m05:40:26.985165 [debug] [Thread-1 (]: Began executing node model.demo_project.fct_events
[0m05:40:27.039928 [debug] [Thread-1 (]: Writing runtime sql for node "model.demo_project.fct_events"
[0m05:40:27.047729 [debug] [Thread-1 (]: Using postgres connection "model.demo_project.fct_events"
[0m05:40:27.048732 [debug] [Thread-1 (]: On model.demo_project.fct_events: BEGIN
[0m05:40:27.049570 [debug] [Thread-1 (]: Opening a new connection, currently in state closed
[0m05:40:27.058085 [debug] [Thread-1 (]: SQL status: BEGIN in 0.008 seconds
[0m05:40:27.059454 [debug] [Thread-1 (]: Using postgres connection "model.demo_project.fct_events"
[0m05:40:27.060708 [debug] [Thread-1 (]: On model.demo_project.fct_events: /* {"app": "dbt", "dbt_version": "1.8.7", "profile_name": "demo_project", "target_name": "dev", "node_id": "model.demo_project.fct_events"} */

      
  
    

  create  table "analytics"."public"."fct_events"
  
  
    as
  
  (
    

select
    event_id,
    event_type,
    occurred_at
from "analytics"."public"."raw_events"


  );
  
  
[0m05:40:27.070449 [debug] [Thread-1 (]: SQL status: SELECT 3 in 0.008 seconds
[0m05:40:27.088444 [debug] [Thread-1 (]: On model.demo_project.fct_events: COMMIT
[0m05:40:27.090023 [debug] [Thread-1 (]: Using postgres connection "model.demo_project.fct_events"
[0m05:40:27.091410 [debug] [Thread-1 (]: On model.demo_project.fct_events: COMMIT
[0m05:40:27.094608 [debug] [Thread-1 (]: SQL status: COMMIT in 0.002 seconds
[0m05:40:27.097182 [debug] [Thread-1 (]: On model.demo_project.fct_events: Close
[0m05:40:27.099439 [debug] [Thread-1 (]: Sending event: {'category': 'dbt', 'action': 'run_model', 'label': '1fd6a70e-77bd-4f92-a382-2605c33a100a', 'context': [<snowplow_tracker.self_describing_json.SelfDescribingJson object at 0x7112b035ec90>]}
[0m05:40:27.101399 [info ] [Thread-1 (]: 1 of 2 OK created sql incremental model public.fct_events ...................... [[32mSELECT 3[0m in 0.13s]
[0m05:40:27.102683 [debug] [Thread-1 (]: Finished running node model.demo_project.fct_events
[0m05:40:27.104373 [debug] [Thread-1 (]: Began running node model.demo_project.hello_dbt
[0m05:40:27.106077 [info ] [Thread-1 (]: 2 of 2 START sql table model public.hello_dbt .................................. [RUN]
[0m05:40:27.107415 [debug] [Thread-1 (]: Re-using an available connection from the pool (formerly model.demo_project.fct_events, now model.demo_project.hello_dbt)
[0m05:40:27.108328 [debug] [Thread-1 (]: Began compiling node model.demo_project.hello_dbt
[0m05:40:27.110304 [debug] [Thread-1 (]: Writing injected SQL for node "model.demo_project.hello_dbt"
[0m05:40:27.126649 [debug] [Thread-1 (]: Began executing node model.demo_project.hello_dbt
[0m05:40:27.140500 [debug] [Thread-1 (]: Writing runtime sql for node "model.demo_project.hello_dbt"
[0m05:40:27.162950 [debug] [Thread-1 (]: Using postgres connection "model.demo_project.hello_dbt"
[0m05:40:27.164403 [debug] [Thread-1 (]: On model.demo_project.hello_dbt: BEGIN
[0m05:40:27.165838 [debug] [Thread-1 (]: Opening a new connection, currently in state closed
[0m05:40:27.174917 [debug] [Thread-1 (]: SQL status: BEGIN in 0.009 seconds
[0m05:40:27.176340 [debug] [Thread-1 (]: Using postgres connection "model.demo_project.hello_dbt"
[0m05:40:27.177251 [debug] [Thread-1 (]: On model.demo_project.hello_dbt: /* {"app": "dbt", "dbt_version": "1.8.7", "profile_name": "demo_project", "target_name": "dev", "node_id": "model.demo_project.hello_dbt"} */

  
    

  create  table "analytics"."public"."hello_dbt__dbt_tmp"
  
  
    as
  
  (
    select
    'hello from dbt running in Docker Desktop' as message,
    current_timestamp as generated_at
  );
  
[0m05:40:27.182312 [debug] [Thread-1 (]: SQL status: SELECT 1 in 0.004 seconds
[0m05:40:27.189408 [debug] [Thread-1 (]: Using postgres connection "model.demo_project.hello_dbt"
[0m05:40:27.190717 [debug] [Thread-1 (]: On model.demo_project.hello_dbt: /* {"app": "dbt", "dbt_version": "1.8.7", "profile_name": "demo_project", "target_name": "dev", "node_id": "model.demo_project.hello_dbt"} */
alter table "analytics"."public"."hello_dbt__dbt_tmp" rename to "hello_dbt"
[0m05:40:27.192296 [debug] [Thread-1 (]: SQL status: ALTER TABLE in 0.000 seconds
[0m05:40:27.194760 [debug] [Thread-1 (]: On model.demo_project.hello_dbt: COMMIT
[0m05:40:27.195994 [debug] [Thread-1 (]: Using postgres connection "model.demo_project.hello_dbt"
[0m05:40:27.197304 [debug] [Thread-1 (]: On model.demo_project.hello_dbt: COMMIT
[0m05:40:27.199895 [debug] [Thread-1 (]: SQL status: COMMIT in 0.002 seconds
[0m05:40:27.205886 [debug] [Thread-1 (]: Applying DROP to: "analytics"."public"."hello_dbt__dbt_backup"
[0m05:40:27.214108 [debug] [Thread-1 (]: Using postgres connection "model.demo_project.hello_dbt"
[0m05:40:27.215863 [debug] [Thread-1 (]: On model.demo_project.hello_dbt: /* {"app": "dbt", "dbt_version": "1.8.7", "profile_name": "demo_project", "target_name": "dev", "node_id": "model.demo_project.hello_dbt"} */
drop table if exists "analytics"."public"."hello_dbt__dbt_backup" cascade
[0m05:40:27.217842 [debug] [Thread-1 (]: SQL status: DROP TABLE in 0.000 seconds
[0m05:40:27.220567 [debug] [Thread-1 (]: On model.demo_project.hello_dbt: Close
[0m05:40:27.222239 [debug] [Thread-1 (]: Sending event: {'category': 'dbt', 'action': 'run_model', 'label': '1fd6a70e-77bd-4f92-a382-2605c33a100a', 'context': [<snowplow_tracker.self_describing_json.SelfDescribingJson object at 0x7112ad530380>]}
[0m05:40:27.224831 [info ] [Thread-1 (]: 2 of 2 OK created sql table model public.hello_dbt ............................. [[32mSELECT 1[0m in 0.11s]
[0m05:40:27.226712 [debug] [Thread-1 (]: Finished running node model.demo_project.hello_dbt
[0m05:40:27.229056 [debug] [MainThread]: Using postgres connection "master"
[0m05:40:27.229946 [debug] [MainThread]: On master: BEGIN
[0m05:40:27.230803 [debug] [MainThread]: Opening a new connection, currently in state closed
[0m05:40:27.238301 [debug] [MainThread]: SQL status: BEGIN in 0.007 seconds
[0m05:40:27.239256 [debug] [MainThread]: On master: COMMIT
[0m05:40:27.239999 [debug] [MainThread]: Using postgres connection "master"
[0m05:40:27.240899 [debug] [MainThread]: On master: COMMIT
[0m05:40:27.242043 [debug] [MainThread]: SQL status: COMMIT in 0.000 seconds
[0m05:40:27.242881 [debug] [MainThread]: On master: Close
[0m05:40:27.243738 [debug] [MainThread]: Connection 'master' was properly closed.
[0m05:40:27.244428 [debug] [MainThread]: Connection 'model.demo_project.hello_dbt' was properly closed.
[0m05:40:27.245156 [info ] [MainThread]: 
[0m05:40:27.245985 [info ] [MainThread]: Finished running 1 incremental model, 1 table model in 0 hours 0 minutes and 0.42 seconds (0.42s).
[0m05:40:27.247207 [debug] [MainThread]: Command end result
[0m05:40:27.307818 [info ] [MainThread]: 
[0m05:40:27.309347 [info ] [MainThread]: [32mCompleted successfully[0m
[0m05:40:27.310830 [info ] [MainThread]: 
[0m05:40:27.312429 [info ] [MainThread]: Done. PASS=2 WARN=0 ERROR=0 SKIP=0 TOTAL=2
[0m05:40:27.314451 [debug] [MainThread]: Resource report: {"command_name": "run", "command_success": true, "command_wall_clock_time": 1.8732907, "process_user_time": 3.441611, "process_kernel_time": 0.344602, "process_mem_max_rss": "157776", "process_in_blocks": "120", "process_out_blocks": "0"}
[0m05:40:27.316114 [debug] [MainThread]: Command `dbt run` succeeded at 05:40:27.315910 after 1.88 seconds
[0m05:40:27.317999 [debug] [MainThread]: Sending event: {'category': 'dbt', 'action': 'invocation', 'label': 'end', 'context': [<snowplow_tracker.self_describing_json.SelfDescribingJson object at 0x7112afb9ee10>, <snowplow_tracker.self_describing_json.SelfDescribingJson object at 0x7112b035ec90>, <snowplow_tracker.self_describing_json.SelfDescribingJson object at 0x7112afd71520>]}
[0m05:40:27.319381 [debug] [MainThread]: Flushing usage events
[0m05:40:30.515615 [debug] [MainThread]: Sending event: {'category': 'dbt', 'action': 'invocation', 'label': 'start', 'context': [<snowplow_tracker.self_describing_json.SelfDescribingJson object at 0x7d7ce6019c40>, <snowplow_tracker.self_describing_json.SelfDescribingJson object at 0x7d7ce3d1f200>, <snowplow_tracker.self_describing_json.SelfDescribingJson object at 0x7d7ce3d1f140>]}


============================== 05:40:30.522468 | c5af2382-9710-4534-bceb-ae551d3133a1 ==============================
[0m05:40:30.522468 [info ] [MainThread]: Running with dbt=1.8.7
[0m05:40:30.523771 [debug] [MainThread]: running dbt with arguments {'printer_width': '80', 'indirect_selection': 'eager', 'log_cache_events': 'False', 'write_json': 'True', 'partial_parse': 'True', 'cache_selected_only': 'False', 'profiles_dir': '/opt/airflow/dbt/profiles', 'fail_fast': 'False', 'debug': 'False', 'log_path': '/opt/airflow/dbt/logs', 'warn_error': 'None', 'version_check': 'True', 'use_colors': 'True', 'use_experimental_parser': 'False', 'no_print': 'None', 'quiet': 'False', 'empty': 'None', 'log_format': 'default', 'introspect': 'True', 'invocation_command': 'dbt test', 'static_parser': 'True', 'target_path': 'None', 'warn_error_options': 'WarnErrorOptions(include=[], exclude=[])', 'send_anonymous_usage_stats': 'True'}
[0m05:40:30.704596 [debug] [MainThread]: Sending event: {'category': 'dbt', 'action': 'project_id', 'label': 'c5af2382-9710-4534-bceb-ae551d3133a1', 'context': [<snowplow_tracker.self_describing_json.SelfDescribingJson object at 0x7d7ce4bfe2d0>]}
[0m05:40:30.758516 [debug] [MainThread]: Sending event: {'category': 'dbt', 'action': 'adapter_info', 'label': 'c5af2382-9710-4534-bceb-ae551d3133a1', 'context': [<snowplow_tracker.self_describing_json.SelfDescribingJson object at 0x7d7ce4b9e840>]}
[0m05:40:30.760205 [info ] [MainThread]: Registered adapter: postgres=1.8.2
[0m05:40:30.846092 [debug] [MainThread]: checksum: 4af21dafb485259c48497ac86b711ddb1982f3d0f1c0ca4e09356de488b753c0, vars: {}, profile: , target: , version: 1.8.7
[0m05:40:31.001097 [debug] [MainThread]: Partial parsing enabled: 0 files deleted, 0 files added, 0 files changed.
[0m05:40:31.002066 [debug] [MainThread]: Partial parsing enabled, no changes found, skipping parsing
[0m05:40:31.046351 [debug] [MainThread]: Sending event: {'category': 'dbt', 'action': 'load_project', 'label': 'c5af2382-9710-4534-bceb-ae551d3133a1', 'context': [<snowplow_tracker.self_describing_json.SelfDescribingJson object at 0x7d7ce2dbd220>]}
[0m05:40:31.271840 [debug] [MainThread]: Sending event: {'category': 'dbt', 'action': 'resource_counts', 'label': 'c5af2382-9710-4534-bceb-ae551d3133a1', 'context': [<snowplow_tracker.self_describing_json.SelfDescribingJson object at 0x7d7ce1dd83b0>]}
[0m05:40:31.273509 [info ] [MainThread]: Found 2 models, 4 data tests, 1 source, 428 macros
[0m05:40:31.274800 [debug] [MainThread]: Sending event: {'category': 'dbt', 'action': 'runnable_timing', 'label': 'c5af2382-9710-4534-bceb-ae551d3133a1', 'context': [<snowplow_tracker.self_describing_json.SelfDescribingJson object at 0x7d7ce21af2c0>]}
[0m05:40:31.278431 [info ] [MainThread]: 
[0m05:40:31.280155 [debug] [MainThread]: Acquiring new postgres connection 'master'
[0m05:40:31.286410 [debug] [ThreadPool]: Acquiring new postgres connection 'list_analytics_public'
[0m05:40:31.332359 [debug] [ThreadPool]: Using postgres connection "list_analytics_public"
[0m05:40:31.333475 [debug] [ThreadPool]: On list_analytics_public: BEGIN
[0m05:40:31.334366 [debug] [ThreadPool]: Opening a new connection, currently in state init
[0m05:40:31.342571 [debug] [ThreadPool]: SQL status: BEGIN in 0.008 seconds
[0m05:40:31.343659 [debug] [ThreadPool]: Using postgres connection "list_analytics_public"
[0m05:40:31.344481 [debug] [ThreadPool]: On list_analytics_public: /* {"app": "dbt", "dbt_version": "1.8.7", "profile_name": "demo_project", "target_name": "dev", "connection_name": "list_analytics_public"} */
select
      'analytics' as database,
      tablename as name,
      schemaname as schema,
      'table' as type
    from pg_tables
    where schemaname ilike 'public'
    union all
    select
      'analytics' as database,
      viewname as name,
      schemaname as schema,
      'view' as type
    from pg_views
    where schemaname ilike 'public'
    union all
    select
      'analytics' as database,
      matviewname as name,
      schemaname as schema,
      'materialized_view' as type
    from pg_matviews
    where schemaname ilike 'public'
  
[0m05:40:31.347505 [debug] [ThreadPool]: SQL status: SELECT 3 in 0.002 seconds
[0m05:40:31.349425 [debug] [ThreadPool]: On list_analytics_public: ROLLBACK
[0m05:40:31.350698 [debug] [ThreadPool]: On list_analytics_public: Close
[0m05:40:31.356034 [debug] [MainThread]: Using postgres connection "master"
[0m05:40:31.357056 [debug] [MainThread]: On master: BEGIN
[0m05:40:31.357813 [debug] [MainThread]: Opening a new connection, currently in state init
[0m05:40:31.365052 [debug] [MainThread]: SQL status: BEGIN in 0.007 seconds
[0m05:40:31.366331 [debug] [MainThread]: Using postgres connection "master"
[0m05:40:31.367428 [debug] [MainThread]: On master: /* {"app": "dbt", "dbt_version": "1.8.7", "profile_name": "demo_project", "target_name": "dev", "connection_name": "master"} */
with relation as (
        select
            pg_rewrite.ev_class as class,
            pg_rewrite.oid as id
        from pg_rewrite
    ),
    class as (
        select
            oid as id,
            relname as name,
            relnamespace as schema,
            relkind as kind
        from pg_class
    ),
    dependency as (
        select distinct
            pg_depend.objid as id,
            pg_depend.refobjid as ref
        from pg_depend
    ),
    schema as (
        select
            pg_namespace.oid as id,
            pg_namespace.nspname as name
        from pg_namespace
        where nspname != 'information_schema' and nspname not like 'pg\_%'
    ),
    referenced as (
        select
            relation.id AS id,
            referenced_class.name ,
            referenced_class.schema ,
            referenced_class.kind
        from relation
        join class as referenced_class on relation.class=referenced_class.id
        where referenced_class.kind in ('r', 'v', 'm')
    ),
    relationships as (
        select
            referenced.name as referenced_name,
            referenced.schema as referenced_schema_id,
            dependent_class.name as dependent_name,
            dependent_class.schema as dependent_schema_id,
            referenced.kind as kind
        from referenced
        join dependency on referenced.id=dependency.id
        join class as dependent_class on dependency.ref=dependent_class.id
        where
            (referenced.name != dependent_class.name or
             referenced.schema != dependent_class.schema)
    )

    select
        referenced_schema.name as referenced_schema,
        relationships.referenced_name as referenced_name,
        dependent_schema.name as dependent_schema,
        relationships.dependent_name as dependent_name
    from relationships
    join schema as dependent_schema on relationships.dependent_schema_id=dependent_schema.id
    join schema as referenced_schema on relationships.referenced_schema_id=referenced_schema.id
    group by referenced_schema, referenced_name, dependent_schema, dependent_name
    order by referenced_schema, referenced_name, dependent_schema, dependent_name;
[0m05:40:31.371315 [debug] [MainThread]: SQL status: SELECT 0 in 0.003 seconds
[0m05:40:31.373083 [debug] [MainThread]: Sending event: {'category': 'dbt', 'action': 'runnable_timing', 'label': 'c5af2382-9710-4534-bceb-ae551d3133a1', 'context': [<snowplow_tracker.self_describing_json.SelfDescribingJson object at 0x7d7ce3842750>]}
[0m05:40:31.374034 [debug] [MainThread]: On master: ROLLBACK
[0m05:40:31.375139 [debug] [MainThread]: Using postgres connection "master"
[0m05:40:31.375933 [debug] [MainThread]: On master: BEGIN
[0m05:40:31.377025 [debug] [MainThread]: SQL status: BEGIN in 0.000 seconds
[0m05:40:31.377831 [debug] [MainThread]: On master: COMMIT
[0m05:40:31.378944 [debug] [MainThread]: Using postgres connection "master"
[0m05:40:31.382679 [debug] [MainThread]: On master: COMMIT
[0m05:40:31.384542 [debug] [MainThread]: SQL status: COMMIT in 0.000 seconds
[0m05:40:31.385844 [debug] [MainThread]: On master: Close
[0m05:40:31.387702 [info ] [MainThread]: Concurrency: 1 threads (target='dev')
[0m05:40:31.389349 [info ] [MainThread]: 
[0m05:40:31.404517 [debug] [Thread-1 (]: Began running node test.demo_project.not_null_fct_events_event_id.62d59fe27e
[0m05:40:31.406410 [info ] [Thread-1 (]: 1 of 4 START test not_null_fct_events_event_id ................................. [RUN]
[0m05:40:31.408233 [debug] [Thread-1 (]: Re-using an available connection from the pool (formerly list_analytics_public, now test.demo_project.not_null_fct_events_event_id.62d59fe27e)
[0m05:40:31.409560 [debug] [Thread-1 (]: Began compiling node test.demo_project.not_null_fct_events_event_id.62d59fe27e
[0m05:40:31.431321 [debug] [Thread-1 (]: Writing injected SQL for node "test.demo_project.not_null_fct_events_event_id.62d59fe27e"
[0m05:40:31.437984 [debug] [Thread-1 (]: Began executing node test.demo_project.not_null_fct_events_event_id.62d59fe27e
[0m05:40:31.452624 [debug] [Thread-1 (]: Writing runtime sql for node "test.demo_project.not_null_fct_events_event_id.62d59fe27e"
[0m05:40:31.459726 [debug] [Thread-1 (]: Using postgres connection "test.demo_project.not_null_fct_events_event_id.62d59fe27e"
[0m05:40:31.460797 [debug] [Thread-1 (]: On test.demo_project.not_null_fct_events_event_id.62d59fe27e: BEGIN
[0m05:40:31.461843 [debug] [Thread-1 (]: Opening a new connection, currently in state closed
[0m05:40:31.471102 [debug] [Thread-1 (]: SQL status: BEGIN in 0.009 seconds
[0m05:40:31.472387 [debug] [Thread-1 (]: Using postgres connection "test.demo_project.not_null_fct_events_event_id.62d59fe27e"
[0m05:40:31.473414 [debug] [Thread-1 (]: On test.demo_project.not_null_fct_events_event_id.62d59fe27e: /* {"app": "dbt", "dbt_version": "1.8.7", "profile_name": "demo_project", "target_name": "dev", "node_id": "test.demo_project.not_null_fct_events_event_id.62d59fe27e"} */
select
      count(*) as failures,
      count(*) != 0 as should_warn,
      count(*) != 0 as should_error
    from (
      
    
    



select event_id
from "analytics"."public"."fct_events"
where event_id is null



      
    ) dbt_internal_test
[0m05:40:31.475628 [debug] [Thread-1 (]: SQL status: SELECT 1 in 0.001 seconds
[0m05:40:31.480567 [debug] [Thread-1 (]: On test.demo_project.not_null_fct_events_event_id.62d59fe27e: ROLLBACK
[0m05:40:31.482188 [debug] [Thread-1 (]: On test.demo_project.not_null_fct_events_event_id.62d59fe27e: Close
[0m05:40:31.483640 [info ] [Thread-1 (]: 1 of 4 PASS not_null_fct_events_event_id ....................................... [[32mPASS[0m in 0.08s]
[0m05:40:31.484994 [debug] [Thread-1 (]: Finished running node test.demo_project.not_null_fct_events_event_id.62d59fe27e
[0m05:40:31.486889 [debug] [Thread-1 (]: Began running node test.demo_project.not_null_fct_events_occurred_at.a4f211de4a
[0m05:40:31.488112 [info ] [Thread-1 (]: 2 of 4 START test not_null_fct_events_occurred_at .............................. [RUN]
[0m05:40:31.489271 [debug] [Thread-1 (]: Re-using an available connection from the pool (formerly test.demo_project.not_null_fct_events_event_id.62d59fe27e, now test.demo_project.not_null_fct_events_occurred_at.a4f211de4a)
[0m05:40:31.490231 [debug] [Thread-1 (]: Began compiling node test.demo_project.not_null_fct_events_occurred_at.a4f211de4a
[0m05:40:31.494352 [debug] [Thread-1 (]: Writing injected SQL for node "test.demo_project.not_null_fct_events_occurred_at.a4f211de4a"
[0m05:40:31.501955 [debug] [Thread-1 (]: Began executing node test.demo_project.not_null_fct_events_occurred_at.a4f211de4a
[0m05:40:31.504883 [debug] [Thread-1 (]: Writing runtime sql for node "test.demo_project.not_null_fct_events_occurred_at.a4f211de4a"
[0m05:40:31.512698 [debug] [Thread-1 (]: Using postgres connection "test.demo_project.not_null_fct_events_occurred_at.a4f211de4a"
[0m05:40:31.513919 [debug] [Thread-1 (]: On test.demo_project.not_null_fct_events_occurred_at.a4f211de4a: BEGIN
[0m05:40:31.515043 [debug] [Thread-1 (]: Opening a new connection, currently in state closed
[0m05:40:31.524000 [debug] [Thread-1 (]: SQL status: BEGIN in 0.009 seconds
[0m05:40:31.525261 [debug] [Thread-1 (]: Using postgres connection "test.demo_project.not_null_fct_events_occurred_at.a4f211de4a"
[0m05:40:31.526328 [debug] [Thread-1 (]: On test.demo_project.not_null_fct_events_occurred_at.a4f211de4a: /* {"app": "dbt", "dbt_version": "1.8.7", "profile_name": "demo_project", "target_name": "dev", "node_id": "test.demo_project.not_null_fct_events_occurred_at.a4f211de4a"} */
select
      count(*) as failures,
      count(*) != 0 as should_warn,
      count(*) != 0 as should_error
    from (
      
    
    



select occurred_at
from "analytics"."public"."fct_events"
where occurred_at is null



      
    ) dbt_internal_test
[0m05:40:31.528068 [debug] [Thread-1 (]: SQL status: SELECT 1 in 0.001 seconds
[0m05:40:31.530551 [debug] [Thread-1 (]: On test.demo_project.not_null_fct_events_occurred_at.a4f211de4a: ROLLBACK
[0m05:40:31.532357 [debug] [Thread-1 (]: On test.demo_project.not_null_fct_events_occurred_at.a4f211de4a: Close
[0m05:40:31.533844 [info ] [Thread-1 (]: 2 of 4 PASS not_null_fct_events_occurred_at .................................... [[32mPASS[0m in 0.04s]
[0m05:40:31.535328 [debug] [Thread-1 (]: Finished running node test.demo_project.not_null_fct_events_occurred_at.a4f211de4a
[0m05:40:31.536412 [debug] [Thread-1 (]: Began running node test.demo_project.not_null_hello_dbt_message.d7182b8860
[0m05:40:31.537265 [info ] [Thread-1 (]: 3 of 4 START test not_null_hello_dbt_message ................................... [RUN]
[0m05:40:31.538298 [debug] [Thread-1 (]: Re-using an available connection from the pool (formerly test.demo_project.not_null_fct_events_occurred_at.a4f211de4a, now test.demo_project.not_null_hello_dbt_message.d7182b8860)
[0m05:40:31.539102 [debug] [Thread-1 (]: Began compiling node test.demo_project.not_null_hello_dbt_message.d7182b8860
[0m05:40:31.543069 [debug] [Thread-1 (]: Writing injected SQL for node "test.demo_project.not_null_hello_dbt_message.d7182b8860"
[0m05:40:31.559517 [debug] [Thread-1 (]: Began executing node test.demo_project.not_null_hello_dbt_message.d7182b8860
[0m05:40:31.562898 [debug] [Thread-1 (]: Writing runtime sql for node "test.demo_project.not_null_hello_dbt_message.d7182b8860"
[0m05:40:31.580268 [debug] [Thread-1 (]: Using postgres connection "test.demo_project.not_null_hello_dbt_message.d7182b8860"
[0m05:40:31.581375 [debug] [Thread-1 (]: On test.demo_project.not_null_hello_dbt_message.d7182b8860: BEGIN
[0m05:40:31.582388 [debug] [Thread-1 (]: Opening a new connection, currently in state closed
[0m05:40:31.591571 [debug] [Thread-1 (]: SQL status: BEGIN in 0.009 seconds
[0m05:40:31.593004 [debug] [Thread-1 (]: Using postgres connection "test.demo_project.not_null_hello_dbt_message.d7182b8860"
[0m05:40:31.594381 [debug] [Thread-1 (]: On test.demo_project.not_null_hello_dbt_message.d7182b8860: /* {"app": "dbt", "dbt_version": "1.8.7", "profile_name": "demo_project", "target_name": "dev", "node_id": "test.demo_project.not_null_hello_dbt_message.d7182b8860"} */
select
      count(*) as failures,
      count(*) != 0 as should_warn,
      count(*) != 0 as should_error
    from (
      
    
    



select message
from "analytics"."public"."hello_dbt"
where message is null



      
    ) dbt_internal_test
[0m05:40:31.596253 [debug] [Thread-1 (]: SQL status: SELECT 1 in 0.001 seconds
[0m05:40:31.598408 [debug] [Thread-1 (]: On test.demo_project.not_null_hello_dbt_message.d7182b8860: ROLLBACK
[0m05:40:31.599720 [debug] [Thread-1 (]: On test.demo_project.not_null_hello_dbt_message.d7182b8860: Close
[0m05:40:31.600951 [info ] [Thread-1 (]: 3 of 4 PASS not_null_hello_dbt_message ......................................... [[32mPASS[0m in 0.06s]
[0m05:40:31.602313 [debug] [Thread-1 (]: Finished running node test.demo_project.not_null_hello_dbt_message.d7182b8860
[0m05:40:31.603483 [debug] [Thread-1 (]: Began running node test.demo_project.unique_fct_events_event_id.355e3ede35
[0m05:40:31.604410 [info ] [Thread-1 (]: 4 of 4 START test unique_fct_events_event_id ................................... [RUN]
[0m05:40:31.605404 [debug] [Thread-1 (]: Re-using an available connection from the pool (formerly test.demo_project.not_null_hello_dbt_message.d7182b8860, now test.demo_project.unique_fct_events_event_id.355e3ede35)
[0m05:40:31.606816 [debug] [Thread-1 (]: Began compiling node test.demo_project.unique_fct_events_event_id.355e3ede35
[0m05:40:31.613195 [debug] [Thread-1 (]: Writing injected SQL for node "test.demo_project.unique_fct_events_event_id.355e3ede35"
[0m05:40:31.623082 [debug] [Thread-1 (]: Began executing node test.demo_project.unique_fct_events_event_id.355e3ede35
[0m05:40:31.626332 [debug] [Thread-1 (]: Writing runtime sql for node "test.demo_project.unique_fct_events_event_id.355e3ede35"
[0m05:40:31.635753 [debug] [Thread-1 (]: Using postgres connection "test.demo_project.unique_fct_events_event_id.355e3ede35"
[0m05:40:31.637211 [debug] [Thread-1 (]: On test.demo_project.unique_fct_events_event_id.355e3ede35: BEGIN
[0m05:40:31.638242 [debug] [Thread-1 (]: Opening a new connection, currently in state closed
[0m05:40:31.647412 [debug] [Thread-1 (]: SQL status: BEGIN in 0.009 seconds
[0m05:40:31.648463 [debug] [Thread-1 (]: Using postgres connection "test.demo_project.unique_fct_events_event_id.355e3ede35"
[0m05:40:31.649257 [debug] [Thread-1 (]: On test.demo_project.unique_fct_events_event_id.355e3ede35: /* {"app": "dbt", "dbt_version": "1.8.7", "profile_name": "demo_project", "target_name": "dev", "node_id": "test.demo_project.unique_fct_events_event_id.355e3ede35"} */
select
      count(*) as failures,
      count(*) != 0 as should_warn,
      count(*) != 0 as should_error
    from (
      
    
    

select
    event_id as unique_field,
    count(*) as n_records

from "analytics"."public"."fct_events"
where event_id is not null
group by event_id
having count(*) > 1



      
    ) dbt_internal_test
[0m05:40:31.651559 [debug] [Thread-1 (]: SQL status: SELECT 1 in 0.001 seconds
[0m05:40:31.653657 [debug] [Thread-1 (]: On test.demo_project.unique_fct_events_event_id.355e3ede35: ROLLBACK
[0m05:40:31.654768 [debug] [Thread-1 (]: On test.demo_project.unique_fct_events_event_id.355e3ede35: Close
[0m05:40:31.655852 [info ] [Thread-1 (]: 4 of 4 PASS unique_fct_events_event_id ......................................... [[32mPASS[0m in 0.05s]
[0m05:40:31.657097 [debug] [Thread-1 (]: Finished running node test.demo_project.unique_fct_events_event_id.355e3ede35
[0m05:40:31.659229 [debug] [MainThread]: Using postgres connection "master"
[0m05:40:31.660157 [debug] [MainThread]: On master: BEGIN
[0m05:40:31.660962 [debug] [MainThread]: Opening a new connection, currently in state closed
[0m05:40:31.669839 [debug] [MainThread]: SQL status: BEGIN in 0.009 seconds
[0m05:40:31.671152 [debug] [MainThread]: On master: COMMIT
[0m05:40:31.671976 [debug] [MainThread]: Using postgres connection "master"
[0m05:40:31.672758 [debug] [MainThread]: On master: COMMIT
[0m05:40:31.673762 [debug] [MainThread]: SQL status: COMMIT in 0.000 seconds
[0m05:40:31.674590 [debug] [MainThread]: On master: Close
[0m05:40:31.675535 [debug] [MainThread]: Connection 'master' was properly closed.
[0m05:40:31.676363 [debug] [MainThread]: Connection 'test.demo_project.unique_fct_events_event_id.355e3ede35' was properly closed.
[0m05:40:31.677235 [info ] [MainThread]: 
[0m05:40:31.678280 [info ] [MainThread]: Finished running 4 data tests in 0 hours 0 minutes and 0.40 seconds (0.40s).
[0m05:40:31.680046 [debug] [MainThread]: Command end result
[0m05:40:31.727555 [info ] [MainThread]: 
[0m05:40:31.729064 [info ] [MainThread]: [32mCompleted successfully[0m
[0m05:40:31.730540 [info ] [MainThread]: 
[0m05:40:31.731628 [info ] [MainThread]: Done. PASS=4 WARN=0 ERROR=0 SKIP=0 TOTAL=4
[0m05:40:31.733293 [debug] [MainThread]: Resource report: {"command_name": "test", "command_success": true, "command_wall_clock_time": 1.2976558, "process_user_time": 3.081859, "process_kernel_time": 0.24868, "process_mem_max_rss": "157784", "process_in_blocks": "0", "process_out_blocks": "0"}
[0m05:40:31.734626 [debug] [MainThread]: Command `dbt test` succeeded at 05:40:31.734486 after 1.30 seconds
[0m05:40:31.735750 [debug] [MainThread]: Sending event: {'category': 'dbt', 'action': 'invocation', 'label': 'end', 'context': [<snowplow_tracker.self_describing_json.SelfDescribingJson object at 0x7d7ce3f71100>, <snowplow_tracker.self_describing_json.SelfDescribingJson object at 0x7d7ce3d1c8c0>, <snowplow_tracker.self_describing_json.SelfDescribingJson object at 0x7d7ce3d1f110>]}
[0m05:40:31.736853 [debug] [MainThread]: Flushing usage events
[0m06:11:51.868171 [debug] [MainThread]: Sending event: {'category': 'dbt', 'action': 'invocation', 'label': 'start', 'context': [<snowplow_tracker.self_describing_json.SelfDescribingJson object at 0x7fc50e140530>, <snowplow_tracker.self_describing_json.SelfDescribingJson object at 0x7fc50ef19f40>, <snowplow_tracker.self_describing_json.SelfDescribingJson object at 0x7fc50f029340>]}


============================== 06:11:51.875048 | 381d391a-a8b4-4f54-9b8c-05bf447545a9 ==============================
[0m06:11:51.875048 [info ] [MainThread]: Running with dbt=1.8.7
[0m06:11:51.876230 [debug] [MainThread]: running dbt with arguments {'printer_width': '80', 'indirect_selection': 'eager', 'log_cache_events': 'False', 'write_json': 'True', 'partial_parse': 'True', 'cache_selected_only': 'False', 'warn_error': 'None', 'debug': 'False', 'profiles_dir': '/opt/airflow/dbt/profiles', 'log_path': '/opt/airflow/dbt/logs', 'fail_fast': 'False', 'version_check': 'True', 'use_colors': 'True', 'use_experimental_parser': 'False', 'no_print': 'None', 'quiet': 'False', 'empty': 'None', 'warn_error_options': 'WarnErrorOptions(include=[], exclude=[])', 'introspect': 'True', 'invocation_command': 'dbt debug', 'log_format': 'default', 'target_path': 'None', 'static_parser': 'True', 'send_anonymous_usage_stats': 'True'}
[0m06:11:51.887101 [info ] [MainThread]: dbt version: 1.8.7
[0m06:11:51.888093 [info ] [MainThread]: python version: 3.12.4
[0m06:11:51.889101 [info ] [MainThread]: python path: /home/airflow/.local/bin/python
[0m06:11:51.890159 [info ] [MainThread]: os info: Linux-6.6.87.2-microsoft-standard-WSL2-x86_64-with-glibc2.36
[0m06:11:51.974640 [info ] [MainThread]: Using profiles dir at /opt/airflow/dbt/profiles
[0m06:11:51.976290 [info ] [MainThread]: Using profiles.yml file at /opt/airflow/dbt/profiles/profiles.yml
[0m06:11:51.977338 [info ] [MainThread]: Using dbt_project.yml file at /opt/airflow/dbt/dbt_project.yml
[0m06:11:51.978627 [info ] [MainThread]: adapter type: postgres
[0m06:11:51.979624 [info ] [MainThread]: adapter version: 1.8.2
[0m06:11:52.060031 [info ] [MainThread]: Configuration:
[0m06:11:52.061919 [info ] [MainThread]:   profiles.yml file [[32mOK found and valid[0m]
[0m06:11:52.063398 [info ] [MainThread]:   dbt_project.yml file [[32mOK found and valid[0m]
[0m06:11:52.065153 [info ] [MainThread]: Required dependencies:
[0m06:11:52.066547 [debug] [MainThread]: Executing "git --help"
[0m06:11:52.070846 [debug] [MainThread]: STDOUT: "b"usage: git [-v | --version] [-h | --help] [-C <path>] [-c <name>=<value>]\n           [--exec-path[=<path>]] [--html-path] [--man-path] [--info-path]\n           [-p | --paginate | -P | --no-pager] [--no-replace-objects] [--bare]\n           [--git-dir=<path>] [--work-tree=<path>] [--namespace=<name>]\n           [--super-prefix=<path>] [--config-env=<name>=<envvar>]\n           <command> [<args>]\n\nThese are common Git commands used in various situations:\n\nstart a working area (see also: git help tutorial)\n   clone     Clone a repository into a new directory\n   init      Create an empty Git repository or reinitialize an existing one\n\nwork on the current change (see also: git help everyday)\n   add       Add file contents to the index\n   mv        Move or rename a file, a directory, or a symlink\n   restore   Restore working tree files\n   rm        Remove files from the working tree and from the index\n\nexamine the history and state (see also: git help revisions)\n   bisect    Use binary search to find the commit that introduced a bug\n   diff      Show changes between commits, commit and working tree, etc\n   grep      Print lines matching a pattern\n   log       Show commit logs\n   show      Show various types of objects\n   status    Show the working tree status\n\ngrow, mark and tweak your common history\n   branch    List, create, or delete branches\n   commit    Record changes to the repository\n   merge     Join two or more development histories together\n   rebase    Reapply commits on top of another base tip\n   reset     Reset current HEAD to the specified state\n   switch    Switch branches\n   tag       Create, list, delete or verify a tag object signed with GPG\n\ncollaborate (see also: git help workflows)\n   fetch     Download objects and refs from another repository\n   pull      Fetch from and integrate with another repository or a local branch\n   push      Update remote refs along with associated objects\n\n'git help -a' and 'git help -g' list available subcommands and some\nconcept guides. See 'git help <command>' or 'git help <concept>'\nto read about a specific subcommand or concept.\nSee 'git help git' for an overview of the system.\n""
[0m06:11:52.071947 [debug] [MainThread]: STDERR: "b''"
[0m06:11:52.072831 [info ] [MainThread]:  - git [[32mOK found[0m]

[0m06:11:52.073640 [info ] [MainThread]: Connection:
[0m06:11:52.074623 [info ] [MainThread]:   host: postgres
[0m06:11:52.075453 [info ] [MainThread]:   port: 5432
[0m06:11:52.076267 [info ] [MainThread]:   user: airflow
[0m06:11:52.077115 [info ] [MainThread]:   database: analytics
[0m06:11:52.078073 [info ] [MainThread]:   schema: public
[0m06:11:52.079349 [info ] [MainThread]:   connect_timeout: 10
[0m06:11:52.080231 [info ] [MainThread]:   role: None
[0m06:11:52.081033 [info ] [MainThread]:   search_path: None
[0m06:11:52.081966 [info ] [MainThread]:   keepalives_idle: 0
[0m06:11:52.082886 [info ] [MainThread]:   sslmode: None
[0m06:11:52.083647 [info ] [MainThread]:   sslcert: None
[0m06:11:52.084358 [info ] [MainThread]:   sslkey: None
[0m06:11:52.085078 [info ] [MainThread]:   sslrootcert: None
[0m06:11:52.085842 [info ] [MainThread]:   application_name: dbt
[0m06:11:52.086586 [info ] [MainThread]:   retries: 1
[0m06:11:52.087436 [info ] [MainThread]: Registered adapter: postgres=1.8.2
[0m06:11:52.153756 [debug] [MainThread]: Acquiring new postgres connection 'debug'
[0m06:11:52.194248 [debug] [MainThread]: Using postgres connection "debug"
[0m06:11:52.195606 [debug] [MainThread]: On debug: select 1 as id
[0m06:11:52.196757 [debug] [MainThread]: Opening a new connection, currently in state init
[0m06:11:52.206423 [debug] [MainThread]: SQL status: SELECT 1 in 0.010 seconds
[0m06:11:52.208511 [debug] [MainThread]: On debug: Close
[0m06:11:52.209686 [info ] [MainThread]:   Connection test: [[32mOK connection ok[0m]

[0m06:11:52.211161 [info ] [MainThread]: [32mAll checks passed![0m
[0m06:11:52.212821 [debug] [MainThread]: Resource report: {"command_name": "debug", "command_success": true, "command_wall_clock_time": 0.4182949, "process_user_time": 2.478219, "process_kernel_time": 0.378254, "process_mem_max_rss": "157856", "process_in_blocks": "0", "process_out_blocks": "0"}
[0m06:11:52.213843 [debug] [MainThread]: Command `dbt debug` succeeded at 06:11:52.213718 after 0.42 seconds
[0m06:11:52.214607 [debug] [MainThread]: Connection 'debug' was properly closed.
[0m06:11:52.215388 [debug] [MainThread]: Sending event: {'category': 'dbt', 'action': 'invocation', 'label': 'end', 'context': [<snowplow_tracker.self_describing_json.SelfDescribingJson object at 0x7fc50f514290>, <snowplow_tracker.self_describing_json.SelfDescribingJson object at 0x7fc50c386bd0>, <snowplow_tracker.self_describing_json.SelfDescribingJson object at 0x7fc50df0b230>]}
[0m06:11:52.216614 [debug] [MainThread]: Flushing usage events
[0m06:11:55.631668 [debug] [MainThread]: Sending event: {'category': 'dbt', 'action': 'invocation', 'label': 'start', 'context': [<snowplow_tracker.self_describing_json.SelfDescribingJson object at 0x7751243e6a50>, <snowplow_tracker.self_describing_json.SelfDescribingJson object at 0x7751243e6810>, <snowplow_tracker.self_describing_json.SelfDescribingJson object at 0x775123e0e8d0>]}


============================== 06:11:55.638273 | 3606c7d8-1b35-4ba8-b241-936ca91ca422 ==============================
[0m06:11:55.638273 [info ] [MainThread]: Running with dbt=1.8.7
[0m06:11:55.639325 [debug] [MainThread]: running dbt with arguments {'printer_width': '80', 'indirect_selection': 'eager', 'write_json': 'True', 'log_cache_events': 'False', 'partial_parse': 'True', 'cache_selected_only': 'False', 'warn_error': 'None', 'version_check': 'True', 'fail_fast': 'False', 'log_path': '/opt/airflow/dbt/logs', 'debug': 'False', 'profiles_dir': '/opt/airflow/dbt/profiles', 'use_colors': 'True', 'use_experimental_parser': 'False', 'empty': 'False', 'quiet': 'False', 'no_print': 'None', 'log_format': 'default', 'introspect': 'True', 'static_parser': 'True', 'warn_error_options': 'WarnErrorOptions(include=[], exclude=[])', 'target_path': 'None', 'invocation_command': 'dbt run', 'send_anonymous_usage_stats': 'True'}
[0m06:11:55.830458 [debug] [MainThread]: Sending event: {'category': 'dbt', 'action': 'project_id', 'label': '3606c7d8-1b35-4ba8-b241-936ca91ca422', 'context': [<snowplow_tracker.self_describing_json.SelfDescribingJson object at 0x775123789f70>]}
[0m06:11:55.888499 [debug] [MainThread]: Sending event: {'category': 'dbt', 'action': 'adapter_info', 'label': '3606c7d8-1b35-4ba8-b241-936ca91ca422', 'context': [<snowplow_tracker.self_describing_json.SelfDescribingJson object at 0x7751247c29f0>]}
[0m06:11:55.890481 [info ] [MainThread]: Registered adapter: postgres=1.8.2
[0m06:11:55.965175 [debug] [MainThread]: checksum: 4af21dafb485259c48497ac86b711ddb1982f3d0f1c0ca4e09356de488b753c0, vars: {}, profile: , target: , version: 1.8.7
[0m06:11:56.125294 [debug] [MainThread]: Partial parsing enabled: 0 files deleted, 0 files added, 0 files changed.
[0m06:11:56.126859 [debug] [MainThread]: Partial parsing enabled, no changes found, skipping parsing
[0m06:11:56.168246 [debug] [MainThread]: Sending event: {'category': 'dbt', 'action': 'load_project', 'label': '3606c7d8-1b35-4ba8-b241-936ca91ca422', 'context': [<snowplow_tracker.self_describing_json.SelfDescribingJson object at 0x775122fd16a0>]}
[0m06:11:56.288926 [debug] [MainThread]: Sending event: {'category': 'dbt', 'action': 'resource_counts', 'label': '3606c7d8-1b35-4ba8-b241-936ca91ca422', 'context': [<snowplow_tracker.self_describing_json.SelfDescribingJson object at 0x775122b01cd0>]}
[0m06:11:56.290443 [info ] [MainThread]: Found 2 models, 4 data tests, 1 source, 428 macros
[0m06:11:56.291710 [debug] [MainThread]: Sending event: {'category': 'dbt', 'action': 'runnable_timing', 'label': '3606c7d8-1b35-4ba8-b241-936ca91ca422', 'context': [<snowplow_tracker.self_describing_json.SelfDescribingJson object at 0x7751237b1040>]}
[0m06:11:56.294746 [info ] [MainThread]: 
[0m06:11:56.296468 [debug] [MainThread]: Acquiring new postgres connection 'master'
[0m06:11:56.302007 [debug] [ThreadPool]: Acquiring new postgres connection 'list_analytics'
[0m06:11:56.348618 [debug] [ThreadPool]: Using postgres connection "list_analytics"
[0m06:11:56.350118 [debug] [ThreadPool]: On list_analytics: /* {"app": "dbt", "dbt_version": "1.8.7", "profile_name": "demo_project", "target_name": "dev", "connection_name": "list_analytics"} */

    select distinct nspname from pg_namespace
  
[0m06:11:56.351281 [debug] [ThreadPool]: Opening a new connection, currently in state init
[0m06:11:56.361477 [debug] [ThreadPool]: SQL status: SELECT 4 in 0.010 seconds
[0m06:11:56.363462 [debug] [ThreadPool]: On list_analytics: Close
[0m06:11:56.365577 [debug] [ThreadPool]: Re-using an available connection from the pool (formerly list_analytics, now list_analytics_public)
[0m06:11:56.371503 [debug] [ThreadPool]: Using postgres connection "list_analytics_public"
[0m06:11:56.372673 [debug] [ThreadPool]: On list_analytics_public: BEGIN
[0m06:11:56.373761 [debug] [ThreadPool]: Opening a new connection, currently in state closed
[0m06:11:56.381657 [debug] [ThreadPool]: SQL status: BEGIN in 0.008 seconds
[0m06:11:56.382833 [debug] [ThreadPool]: Using postgres connection "list_analytics_public"
[0m06:11:56.383560 [debug] [ThreadPool]: On list_analytics_public: /* {"app": "dbt", "dbt_version": "1.8.7", "profile_name": "demo_project", "target_name": "dev", "connection_name": "list_analytics_public"} */
select
      'analytics' as database,
      tablename as name,
      schemaname as schema,
      'table' as type
    from pg_tables
    where schemaname ilike 'public'
    union all
    select
      'analytics' as database,
      viewname as name,
      schemaname as schema,
      'view' as type
    from pg_views
    where schemaname ilike 'public'
    union all
    select
      'analytics' as database,
      matviewname as name,
      schemaname as schema,
      'materialized_view' as type
    from pg_matviews
    where schemaname ilike 'public'
  
[0m06:11:56.387846 [debug] [ThreadPool]: SQL status: SELECT 3 in 0.003 seconds
[0m06:11:56.390375 [debug] [ThreadPool]: On list_analytics_public: ROLLBACK
[0m06:11:56.391581 [debug] [ThreadPool]: On list_analytics_public: Close
[0m06:11:56.396897 [debug] [MainThread]: Using postgres connection "master"
[0m06:11:56.397996 [debug] [MainThread]: On master: BEGIN
[0m06:11:56.399066 [debug] [MainThread]: Opening a new connection, currently in state init
[0m06:11:56.406666 [debug] [MainThread]: SQL status: BEGIN in 0.007 seconds
[0m06:11:56.407568 [debug] [MainThread]: Using postgres connection "master"
[0m06:11:56.408351 [debug] [MainThread]: On master: /* {"app": "dbt", "dbt_version": "1.8.7", "profile_name": "demo_project", "target_name": "dev", "connection_name": "master"} */
with relation as (
        select
            pg_rewrite.ev_class as class,
            pg_rewrite.oid as id
        from pg_rewrite
    ),
    class as (
        select
            oid as id,
            relname as name,
            relnamespace as schema,
            relkind as kind
        from pg_class
    ),
    dependency as (
        select distinct
            pg_depend.objid as id,
            pg_depend.refobjid as ref
        from pg_depend
    ),
    schema as (
        select
            pg_namespace.oid as id,
            pg_namespace.nspname as name
        from pg_namespace
        where nspname != 'information_schema' and nspname not like 'pg\_%'
    ),
    referenced as (
        select
            relation.id AS id,
            referenced_class.name ,
            referenced_class.schema ,
            referenced_class.kind
        from relation
        join class as referenced_class on relation.class=referenced_class.id
        where referenced_class.kind in ('r', 'v', 'm')
    ),
    relationships as (
        select
            referenced.name as referenced_name,
            referenced.schema as referenced_schema_id,
            dependent_class.name as dependent_name,
            dependent_class.schema as dependent_schema_id,
            referenced.kind as kind
        from referenced
        join dependency on referenced.id=dependency.id
        join class as dependent_class on dependency.ref=dependent_class.id
        where
            (referenced.name != dependent_class.name or
             referenced.schema != dependent_class.schema)
    )

    select
        referenced_schema.name as referenced_schema,
        relationships.referenced_name as referenced_name,
        dependent_schema.name as dependent_schema,
        relationships.dependent_name as dependent_name
    from relationships
    join schema as dependent_schema on relationships.dependent_schema_id=dependent_schema.id
    join schema as referenced_schema on relationships.referenced_schema_id=referenced_schema.id
    group by referenced_schema, referenced_name, dependent_schema, dependent_name
    order by referenced_schema, referenced_name, dependent_schema, dependent_name;
[0m06:11:56.412713 [debug] [MainThread]: SQL status: SELECT 0 in 0.004 seconds
[0m06:11:56.414450 [debug] [MainThread]: Sending event: {'category': 'dbt', 'action': 'runnable_timing', 'label': '3606c7d8-1b35-4ba8-b241-936ca91ca422', 'context': [<snowplow_tracker.self_describing_json.SelfDescribingJson object at 0x775122f310d0>]}
[0m06:11:56.415273 [debug] [MainThread]: On master: ROLLBACK
[0m06:11:56.416225 [debug] [MainThread]: Using postgres connection "master"
[0m06:11:56.417222 [debug] [MainThread]: On master: BEGIN
[0m06:11:56.418589 [debug] [MainThread]: SQL status: BEGIN in 0.000 seconds
[0m06:11:56.419573 [debug] [MainThread]: On master: COMMIT
[0m06:11:56.420627 [debug] [MainThread]: Using postgres connection "master"
[0m06:11:56.421385 [debug] [MainThread]: On master: COMMIT
[0m06:11:56.422324 [debug] [MainThread]: SQL status: COMMIT in 0.000 seconds
[0m06:11:56.423028 [debug] [MainThread]: On master: Close
[0m06:11:56.423836 [info ] [MainThread]: Concurrency: 1 threads (target='dev')
[0m06:11:56.424637 [info ] [MainThread]: 
[0m06:11:56.433263 [debug] [Thread-1 (]: Began running node model.demo_project.fct_events
[0m06:11:56.434420 [info ] [Thread-1 (]: 1 of 2 START sql incremental model public.fct_events ........................... [RUN]
[0m06:11:56.435699 [debug] [Thread-1 (]: Re-using an available connection from the pool (formerly list_analytics_public, now model.demo_project.fct_events)
[0m06:11:56.436826 [debug] [Thread-1 (]: Began compiling node model.demo_project.fct_events
[0m06:11:56.448639 [debug] [Thread-1 (]: Writing injected SQL for node "model.demo_project.fct_events"
[0m06:11:56.456184 [debug] [Thread-1 (]: Began executing node model.demo_project.fct_events
[0m06:11:56.509726 [debug] [Thread-1 (]: Using postgres connection "model.demo_project.fct_events"
[0m06:11:56.511377 [debug] [Thread-1 (]: On model.demo_project.fct_events: /* {"app": "dbt", "dbt_version": "1.8.7", "profile_name": "demo_project", "target_name": "dev", "node_id": "model.demo_project.fct_events"} */

    
  
    

  create temporary table "fct_events__dbt_tmp061156485420"
  
  
    as
  
  (
    

select
    event_id,
    event_type,
    occurred_at
from "analytics"."public"."raw_events"


  where occurred_at > (select max(occurred_at) from "analytics"."public"."fct_events")

  );
  
  
[0m06:11:56.513358 [debug] [Thread-1 (]: Opening a new connection, currently in state closed
[0m06:11:56.526630 [debug] [Thread-1 (]: SQL status: SELECT 3 in 0.013 seconds
[0m06:11:56.539863 [debug] [Thread-1 (]: Using postgres connection "model.demo_project.fct_events"
[0m06:11:56.541449 [debug] [Thread-1 (]: On model.demo_project.fct_events: BEGIN
[0m06:11:56.543346 [debug] [Thread-1 (]: SQL status: BEGIN in 0.000 seconds
[0m06:11:56.544761 [debug] [Thread-1 (]: Using postgres connection "model.demo_project.fct_events"
[0m06:11:56.545982 [debug] [Thread-1 (]: On model.demo_project.fct_events: /* {"app": "dbt", "dbt_version": "1.8.7", "profile_name": "demo_project", "target_name": "dev", "node_id": "model.demo_project.fct_events"} */

      select
          column_name,
          data_type,
          character_maximum_length,
          numeric_precision,
          numeric_scale

      from INFORMATION_SCHEMA.columns
      where table_name = 'fct_events__dbt_tmp061156485420'
        
      order by ordinal_position

  
[0m06:11:56.557052 [debug] [Thread-1 (]: SQL status: SELECT 3 in 0.010 seconds
[0m06:11:56.563309 [debug] [Thread-1 (]: Using postgres connection "model.demo_project.fct_events"
[0m06:11:56.564819 [debug] [Thread-1 (]: On model.demo_project.fct_events: /* {"app": "dbt", "dbt_version": "1.8.7", "profile_name": "demo_project", "target_name": "dev", "node_id": "model.demo_project.fct_events"} */

      select
          column_name,
          data_type,
          character_maximum_length,
          numeric_precision,
          numeric_scale

      from "analytics".INFORMATION_SCHEMA.columns
      where table_name = 'fct_events'
        
        and table_schema = 'public'
        
      order by ordinal_position

  
[0m06:11:56.569009 [debug] [Thread-1 (]: SQL status: SELECT 3 in 0.003 seconds
[0m06:11:56.576880 [debug] [Thread-1 (]: Using postgres connection "model.demo_project.fct_events"
[0m06:11:56.578397 [debug] [Thread-1 (]: On model.demo_project.fct_events: /* {"app": "dbt", "dbt_version": "1.8.7", "profile_name": "demo_project", "target_name": "dev", "node_id": "model.demo_project.fct_events"} */

      select
          column_name,
          data_type,
          character_maximum_length,
          numeric_precision,
          numeric_scale

      from "analytics".INFORMATION_SCHEMA.columns
      where table_name = 'fct_events'
        
        and table_schema = 'public'
        
      order by ordinal_position

  
[0m06:11:56.582158 [debug] [Thread-1 (]: SQL status: SELECT 3 in 0.002 seconds
[0m06:11:56.601370 [debug] [Thread-1 (]: Writing runtime sql for node "model.demo_project.fct_events"
[0m06:11:56.610677 [debug] [Thread-1 (]: Using postgres connection "model.demo_project.fct_events"
[0m06:11:56.611828 [debug] [Thread-1 (]: On model.demo_project.fct_events: /* {"app": "dbt", "dbt_version": "1.8.7", "profile_name": "demo_project", "target_name": "dev", "node_id": "model.demo_project.fct_events"} */

      
        
            delete from "analytics"."public"."fct_events"
            where (
                event_id) in (
                select (event_id)
                from "fct_events__dbt_tmp061156485420"
            );

        
    

    insert into "analytics"."public"."fct_events" ("event_id", "event_type", "occurred_at")
    (
        select "event_id", "event_type", "occurred_at"
        from "fct_events__dbt_tmp061156485420"
    )
  
[0m06:11:56.613697 [debug] [Thread-1 (]: SQL status: INSERT 0 3 in 0.001 seconds
[0m06:11:56.629047 [debug] [Thread-1 (]: On model.demo_project.fct_events: COMMIT
[0m06:11:56.630639 [debug] [Thread-1 (]: Using postgres connection "model.demo_project.fct_events"
[0m06:11:56.632024 [debug] [Thread-1 (]: On model.demo_project.fct_events: COMMIT
[0m06:11:56.638251 [debug] [Thread-1 (]: SQL status: COMMIT in 0.005 seconds
[0m06:11:56.640959 [debug] [Thread-1 (]: On model.demo_project.fct_events: Close
[0m06:11:56.643454 [debug] [Thread-1 (]: Sending event: {'category': 'dbt', 'action': 'run_model', 'label': '3606c7d8-1b35-4ba8-b241-936ca91ca422', 'context': [<snowplow_tracker.self_describing_json.SelfDescribingJson object at 0x775120b1ae40>]}
[0m06:11:56.644847 [info ] [Thread-1 (]: 1 of 2 OK created sql incremental model public.fct_events ...................... [[32mINSERT 0 3[0m in 0.21s]
[0m06:11:56.646221 [debug] [Thread-1 (]: Finished running node model.demo_project.fct_events
[0m06:11:56.647459 [debug] [Thread-1 (]: Began running node model.demo_project.hello_dbt
[0m06:11:56.648710 [info ] [Thread-1 (]: 2 of 2 START sql table model public.hello_dbt .................................. [RUN]
[0m06:11:56.650099 [debug] [Thread-1 (]: Re-using an available connection from the pool (formerly model.demo_project.fct_events, now model.demo_project.hello_dbt)
[0m06:11:56.651047 [debug] [Thread-1 (]: Began compiling node model.demo_project.hello_dbt
[0m06:11:56.653233 [debug] [Thread-1 (]: Writing injected SQL for node "model.demo_project.hello_dbt"
[0m06:11:56.658424 [debug] [Thread-1 (]: Began executing node model.demo_project.hello_dbt
[0m06:11:56.670068 [debug] [Thread-1 (]: Writing runtime sql for node "model.demo_project.hello_dbt"
[0m06:11:56.676547 [debug] [Thread-1 (]: Using postgres connection "model.demo_project.hello_dbt"
[0m06:11:56.677572 [debug] [Thread-1 (]: On model.demo_project.hello_dbt: BEGIN
[0m06:11:56.678311 [debug] [Thread-1 (]: Opening a new connection, currently in state closed
[0m06:11:56.685692 [debug] [Thread-1 (]: SQL status: BEGIN in 0.007 seconds
[0m06:11:56.686679 [debug] [Thread-1 (]: Using postgres connection "model.demo_project.hello_dbt"
[0m06:11:56.687418 [debug] [Thread-1 (]: On model.demo_project.hello_dbt: /* {"app": "dbt", "dbt_version": "1.8.7", "profile_name": "demo_project", "target_name": "dev", "node_id": "model.demo_project.hello_dbt"} */

  
    

  create  table "analytics"."public"."hello_dbt__dbt_tmp"
  
  
    as
  
  (
    select
    'hello from dbt running in Docker Desktop' as message,
    current_timestamp as generated_at
  );
  
[0m06:11:56.693599 [debug] [Thread-1 (]: SQL status: SELECT 1 in 0.005 seconds
[0m06:11:56.700476 [debug] [Thread-1 (]: Using postgres connection "model.demo_project.hello_dbt"
[0m06:11:56.701611 [debug] [Thread-1 (]: On model.demo_project.hello_dbt: /* {"app": "dbt", "dbt_version": "1.8.7", "profile_name": "demo_project", "target_name": "dev", "node_id": "model.demo_project.hello_dbt"} */
alter table "analytics"."public"."hello_dbt" rename to "hello_dbt__dbt_backup"
[0m06:11:56.703109 [debug] [Thread-1 (]: SQL status: ALTER TABLE in 0.001 seconds
[0m06:11:56.706315 [debug] [Thread-1 (]: Using postgres connection "model.demo_project.hello_dbt"
[0m06:11:56.707292 [debug] [Thread-1 (]: On model.demo_project.hello_dbt: /* {"app": "dbt", "dbt_version": "1.8.7", "profile_name": "demo_project", "target_name": "dev", "node_id": "model.demo_project.hello_dbt"} */
alter table "analytics"."public"."hello_dbt__dbt_tmp" rename to "hello_dbt"
[0m06:11:56.708750 [debug] [Thread-1 (]: SQL status: ALTER TABLE in 0.000 seconds
[0m06:11:56.716226 [debug] [Thread-1 (]: On model.demo_project.hello_dbt: COMMIT
[0m06:11:56.717661 [debug] [Thread-1 (]: Using postgres connection "model.demo_project.hello_dbt"
[0m06:11:56.718831 [debug] [Thread-1 (]: On model.demo_project.hello_dbt: COMMIT
[0m06:11:56.721710 [debug] [Thread-1 (]: SQL status: COMMIT in 0.002 seconds
[0m06:11:56.729612 [debug] [Thread-1 (]: Applying DROP to: "analytics"."public"."hello_dbt__dbt_backup"
[0m06:11:56.735958 [debug] [Thread-1 (]: Using postgres connection "model.demo_project.hello_dbt"
[0m06:11:56.737503 [debug] [Thread-1 (]: On model.demo_project.hello_dbt: /* {"app": "dbt", "dbt_version": "1.8.7", "profile_name": "demo_project", "target_name": "dev", "node_id": "model.demo_project.hello_dbt"} */
drop table if exists "analytics"."public"."hello_dbt__dbt_backup" cascade
[0m06:11:56.743425 [debug] [Thread-1 (]: SQL status: DROP TABLE in 0.004 seconds
[0m06:11:56.746126 [debug] [Thread-1 (]: On model.demo_project.hello_dbt: Close
[0m06:11:56.747664 [debug] [Thread-1 (]: Sending event: {'category': 'dbt', 'action': 'run_model', 'label': '3606c7d8-1b35-4ba8-b241-936ca91ca422', 'context': [<snowplow_tracker.self_describing_json.SelfDescribingJson object at 0x775120a781d0>]}
[0m06:11:56.749364 [info ] [Thread-1 (]: 2 of 2 OK created sql table model public.hello_dbt ............................. [[32mSELECT 1[0m in 0.10s]
[0m06:11:56.750932 [debug] [Thread-1 (]: Finished running node model.demo_project.hello_dbt
[0m06:11:56.753600 [debug] [MainThread]: Using postgres connection "master"
[0m06:11:56.754796 [debug] [MainThread]: On master: BEGIN
[0m06:11:56.755721 [debug] [MainThread]: Opening a new connection, currently in state closed
[0m06:11:56.763593 [debug] [MainThread]: SQL status: BEGIN in 0.008 seconds
[0m06:11:56.764611 [debug] [MainThread]: On master: COMMIT
[0m06:11:56.765395 [debug] [MainThread]: Using postgres connection "master"
[0m06:11:56.766206 [debug] [MainThread]: On master: COMMIT
[0m06:11:56.767098 [debug] [MainThread]: SQL status: COMMIT in 0.000 seconds
[0m06:11:56.767879 [debug] [MainThread]: On master: Close
[0m06:11:56.768780 [debug] [MainThread]: Connection 'master' was properly closed.
[0m06:11:56.769626 [debug] [MainThread]: Connection 'model.demo_project.hello_dbt' was properly closed.
[0m06:11:56.770592 [info ] [MainThread]: 
[0m06:11:56.771998 [info ] [MainThread]: Finished running 1 incremental model, 1 table model in 0 hours 0 minutes and 0.47 seconds (0.47s).
[0m06:11:56.773675 [debug] [MainThread]: Command end result
[0m06:11:56.819111 [info ] [MainThread]: 
[0m06:11:56.820426 [info ] [MainThread]: [32mCompleted successfully[0m
[0m06:11:56.821519 [info ] [MainThread]: 
[0m06:11:56.822528 [info ] [MainThread]: Done. PASS=2 WARN=0 ERROR=0 SKIP=0 TOTAL=2
[0m06:11:56.823923 [debug] [MainThread]: Resource report: {"command_name": "run", "command_success": true, "command_wall_clock_time": 1.2635998, "process_user_time": 2.961812, "process_kernel_time": 0.277534, "process_mem_max_rss": "157864", "process_in_blocks": "0", "process_out_blocks": "0"}
[0m06:11:56.825041 [debug] [MainThread]: Command `dbt run` succeeded at 06:11:56.824920 after 1.26 seconds
[0m06:11:56.826065 [debug] [MainThread]: Sending event: {'category': 'dbt', 'action': 'invocation', 'label': 'end', 'context': [<snowplow_tracker.self_describing_json.SelfDescribingJson object at 0x77512388bef0>, <snowplow_tracker.self_describing_json.SelfDescribingJson object at 0x775123d72fc0>, <snowplow_tracker.self_describing_json.SelfDescribingJson object at 0x775123d700b0>]}
[0m06:11:56.827029 [debug] [MainThread]: Flushing usage events
[0m06:12:00.179053 [debug] [MainThread]: Sending event: {'category': 'dbt', 'action': 'invocation', 'label': 'start', 'context': [<snowplow_tracker.self_describing_json.SelfDescribingJson object at 0x7f7d906c6120>, <snowplow_tracker.self_describing_json.SelfDescribingJson object at 0x7f7d8e5f4530>, <snowplow_tracker.self_describing_json.SelfDescribingJson object at 0x7f7d8e643b90>]}


============================== 06:12:00.186064 | f892f624-44e1-4ef4-b737-5b68d389d58d ==============================
[0m06:12:00.186064 [info ] [MainThread]: Running with dbt=1.8.7
[0m06:12:00.187251 [debug] [MainThread]: running dbt with arguments {'printer_width': '80', 'indirect_selection': 'eager', 'log_cache_events': 'False', 'write_json': 'True', 'partial_parse': 'True', 'cache_selected_only': 'False', 'profiles_dir': '/opt/airflow/dbt/profiles', 'debug': 'False', 'warn_error': 'None', 'log_path': '/opt/airflow/dbt/logs', 'version_check': 'True', 'fail_fast': 'False', 'use_colors': 'True', 'use_experimental_parser': 'False', 'no_print': 'None', 'quiet': 'False', 'empty': 'None', 'warn_error_options': 'WarnErrorOptions(include=[], exclude=[])', 'invocation_command': 'dbt test', 'introspect': 'True', 'static_parser': 'True', 'target_path': 'None', 'log_format': 'default', 'send_anonymous_usage_stats': 'True'}
[0m06:12:00.349014 [debug] [MainThread]: Sending event: {'category': 'dbt', 'action': 'project_id', 'label': 'f892f624-44e1-4ef4-b737-5b68d389d58d', 'context': [<snowplow_tracker.self_describing_json.SelfDescribingJson object at 0x7f7d8f2a1010>]}
[0m06:12:00.399420 [debug] [MainThread]: Sending event: {'category': 'dbt', 'action': 'adapter_info', 'label': 'f892f624-44e1-4ef4-b737-5b68d389d58d', 'context': [<snowplow_tracker.self_describing_json.SelfDescribingJson object at 0x7f7d8e020ef0>]}
[0m06:12:00.401201 [info ] [MainThread]: Registered adapter: postgres=1.8.2
[0m06:12:00.476725 [debug] [MainThread]: checksum: 4af21dafb485259c48497ac86b711ddb1982f3d0f1c0ca4e09356de488b753c0, vars: {}, profile: , target: , version: 1.8.7
[0m06:12:00.631821 [debug] [MainThread]: Partial parsing enabled: 0 files deleted, 0 files added, 0 files changed.
[0m06:12:00.632912 [debug] [MainThread]: Partial parsing enabled, no changes found, skipping parsing
[0m06:12:00.675180 [debug] [MainThread]: Sending event: {'category': 'dbt', 'action': 'load_project', 'label': 'f892f624-44e1-4ef4-b737-5b68d389d58d', 'context': [<snowplow_tracker.self_describing_json.SelfDescribingJson object at 0x7f7d8d3afd10>]}
[0m06:12:00.802915 [debug] [MainThread]: Sending event: {'category': 'dbt', 'action': 'resource_counts', 'label': 'f892f624-44e1-4ef4-b737-5b68d389d58d', 'context': [<snowplow_tracker.self_describing_json.SelfDescribingJson object at 0x7f7d8c3d0590>]}
[0m06:12:00.804120 [info ] [MainThread]: Found 2 models, 4 data tests, 1 source, 428 macros
[0m06:12:00.805102 [debug] [MainThread]: Sending event: {'category': 'dbt', 'action': 'runnable_timing', 'label': 'f892f624-44e1-4ef4-b737-5b68d389d58d', 'context': [<snowplow_tracker.self_describing_json.SelfDescribingJson object at 0x7f7d8d3b3950>]}
[0m06:12:00.807872 [info ] [MainThread]: 
[0m06:12:00.809378 [debug] [MainThread]: Acquiring new postgres connection 'master'
[0m06:12:00.813858 [debug] [ThreadPool]: Acquiring new postgres connection 'list_analytics_public'
[0m06:12:00.852501 [debug] [ThreadPool]: Using postgres connection "list_analytics_public"
[0m06:12:00.854153 [debug] [ThreadPool]: On list_analytics_public: BEGIN
[0m06:12:00.855267 [debug] [ThreadPool]: Opening a new connection, currently in state init
[0m06:12:00.864392 [debug] [ThreadPool]: SQL status: BEGIN in 0.009 seconds
[0m06:12:00.866050 [debug] [ThreadPool]: Using postgres connection "list_analytics_public"
[0m06:12:00.867538 [debug] [ThreadPool]: On list_analytics_public: /* {"app": "dbt", "dbt_version": "1.8.7", "profile_name": "demo_project", "target_name": "dev", "connection_name": "list_analytics_public"} */
select
      'analytics' as database,
      tablename as name,
      schemaname as schema,
      'table' as type
    from pg_tables
    where schemaname ilike 'public'
    union all
    select
      'analytics' as database,
      viewname as name,
      schemaname as schema,
      'view' as type
    from pg_views
    where schemaname ilike 'public'
    union all
    select
      'analytics' as database,
      matviewname as name,
      schemaname as schema,
      'materialized_view' as type
    from pg_matviews
    where schemaname ilike 'public'
  
[0m06:12:00.871970 [debug] [ThreadPool]: SQL status: SELECT 3 in 0.003 seconds
[0m06:12:00.874475 [debug] [ThreadPool]: On list_analytics_public: ROLLBACK
[0m06:12:00.875963 [debug] [ThreadPool]: On list_analytics_public: Close
[0m06:12:00.881211 [debug] [MainThread]: Using postgres connection "master"
[0m06:12:00.882627 [debug] [MainThread]: On master: BEGIN
[0m06:12:00.883616 [debug] [MainThread]: Opening a new connection, currently in state init
[0m06:12:00.891014 [debug] [MainThread]: SQL status: BEGIN in 0.007 seconds
[0m06:12:00.891993 [debug] [MainThread]: Using postgres connection "master"
[0m06:12:00.892833 [debug] [MainThread]: On master: /* {"app": "dbt", "dbt_version": "1.8.7", "profile_name": "demo_project", "target_name": "dev", "connection_name": "master"} */
with relation as (
        select
            pg_rewrite.ev_class as class,
            pg_rewrite.oid as id
        from pg_rewrite
    ),
    class as (
        select
            oid as id,
            relname as name,
            relnamespace as schema,
            relkind as kind
        from pg_class
    ),
    dependency as (
        select distinct
            pg_depend.objid as id,
            pg_depend.refobjid as ref
        from pg_depend
    ),
    schema as (
        select
            pg_namespace.oid as id,
            pg_namespace.nspname as name
        from pg_namespace
        where nspname != 'information_schema' and nspname not like 'pg\_%'
    ),
    referenced as (
        select
            relation.id AS id,
            referenced_class.name ,
            referenced_class.schema ,
            referenced_class.kind
        from relation
        join class as referenced_class on relation.class=referenced_class.id
        where referenced_class.kind in ('r', 'v', 'm')
    ),
    relationships as (
        select
            referenced.name as referenced_name,
            referenced.schema as referenced_schema_id,
            dependent_class.name as dependent_name,
            dependent_class.schema as dependent_schema_id,
            referenced.kind as kind
        from referenced
        join dependency on referenced.id=dependency.id
        join class as dependent_class on dependency.ref=dependent_class.id
        where
            (referenced.name != dependent_class.name or
             referenced.schema != dependent_class.schema)
    )

    select
        referenced_schema.name as referenced_schema,
        relationships.referenced_name as referenced_name,
        dependent_schema.name as dependent_schema,
        relationships.dependent_name as dependent_name
    from relationships
    join schema as dependent_schema on relationships.dependent_schema_id=dependent_schema.id
    join schema as referenced_schema on relationships.referenced_schema_id=referenced_schema.id
    group by referenced_schema, referenced_name, dependent_schema, dependent_name
    order by referenced_schema, referenced_name, dependent_schema, dependent_name;
[0m06:12:00.897212 [debug] [MainThread]: SQL status: SELECT 0 in 0.003 seconds
[0m06:12:00.899217 [debug] [MainThread]: Sending event: {'category': 'dbt', 'action': 'runnable_timing', 'label': 'f892f624-44e1-4ef4-b737-5b68d389d58d', 'context': [<snowplow_tracker.self_describing_json.SelfDescribingJson object at 0x7f7d8d3d4590>]}
[0m06:12:00.900060 [debug] [MainThread]: On master: ROLLBACK
[0m06:12:00.901206 [debug] [MainThread]: Using postgres connection "master"
[0m06:12:00.902060 [debug] [MainThread]: On master: BEGIN
[0m06:12:00.903097 [debug] [MainThread]: SQL status: BEGIN in 0.000 seconds
[0m06:12:00.903792 [debug] [MainThread]: On master: COMMIT
[0m06:12:00.904504 [debug] [MainThread]: Using postgres connection "master"
[0m06:12:00.905149 [debug] [MainThread]: On master: COMMIT
[0m06:12:00.905952 [debug] [MainThread]: SQL status: COMMIT in 0.000 seconds
[0m06:12:00.906614 [debug] [MainThread]: On master: Close
[0m06:12:00.907465 [info ] [MainThread]: Concurrency: 1 threads (target='dev')
[0m06:12:00.908347 [info ] [MainThread]: 
[0m06:12:00.917135 [debug] [Thread-1 (]: Began running node test.demo_project.not_null_fct_events_event_id.62d59fe27e
[0m06:12:00.918139 [info ] [Thread-1 (]: 1 of 4 START test not_null_fct_events_event_id ................................. [RUN]
[0m06:12:00.919144 [debug] [Thread-1 (]: Re-using an available connection from the pool (formerly list_analytics_public, now test.demo_project.not_null_fct_events_event_id.62d59fe27e)
[0m06:12:00.920180 [debug] [Thread-1 (]: Began compiling node test.demo_project.not_null_fct_events_event_id.62d59fe27e
[0m06:12:00.935750 [debug] [Thread-1 (]: Writing injected SQL for node "test.demo_project.not_null_fct_events_event_id.62d59fe27e"
[0m06:12:00.944432 [debug] [Thread-1 (]: Began executing node test.demo_project.not_null_fct_events_event_id.62d59fe27e
[0m06:12:00.958152 [debug] [Thread-1 (]: Writing runtime sql for node "test.demo_project.not_null_fct_events_event_id.62d59fe27e"
[0m06:12:00.966230 [debug] [Thread-1 (]: Using postgres connection "test.demo_project.not_null_fct_events_event_id.62d59fe27e"
[0m06:12:00.967066 [debug] [Thread-1 (]: On test.demo_project.not_null_fct_events_event_id.62d59fe27e: BEGIN
[0m06:12:00.967750 [debug] [Thread-1 (]: Opening a new connection, currently in state closed
[0m06:12:00.975636 [debug] [Thread-1 (]: SQL status: BEGIN in 0.008 seconds
[0m06:12:00.976616 [debug] [Thread-1 (]: Using postgres connection "test.demo_project.not_null_fct_events_event_id.62d59fe27e"
[0m06:12:00.977353 [debug] [Thread-1 (]: On test.demo_project.not_null_fct_events_event_id.62d59fe27e: /* {"app": "dbt", "dbt_version": "1.8.7", "profile_name": "demo_project", "target_name": "dev", "node_id": "test.demo_project.not_null_fct_events_event_id.62d59fe27e"} */
select
      count(*) as failures,
      count(*) != 0 as should_warn,
      count(*) != 0 as should_error
    from (
      
    
    



select event_id
from "analytics"."public"."fct_events"
where event_id is null



      
    ) dbt_internal_test
[0m06:12:00.978841 [debug] [Thread-1 (]: SQL status: SELECT 1 in 0.001 seconds
[0m06:12:00.983003 [debug] [Thread-1 (]: On test.demo_project.not_null_fct_events_event_id.62d59fe27e: ROLLBACK
[0m06:12:00.983938 [debug] [Thread-1 (]: On test.demo_project.not_null_fct_events_event_id.62d59fe27e: Close
[0m06:12:00.985110 [info ] [Thread-1 (]: 1 of 4 PASS not_null_fct_events_event_id ....................................... [[32mPASS[0m in 0.07s]
[0m06:12:00.986228 [debug] [Thread-1 (]: Finished running node test.demo_project.not_null_fct_events_event_id.62d59fe27e
[0m06:12:00.987310 [debug] [Thread-1 (]: Began running node test.demo_project.not_null_fct_events_occurred_at.a4f211de4a
[0m06:12:00.988392 [info ] [Thread-1 (]: 2 of 4 START test not_null_fct_events_occurred_at .............................. [RUN]
[0m06:12:00.989299 [debug] [Thread-1 (]: Re-using an available connection from the pool (formerly test.demo_project.not_null_fct_events_event_id.62d59fe27e, now test.demo_project.not_null_fct_events_occurred_at.a4f211de4a)
[0m06:12:00.990112 [debug] [Thread-1 (]: Began compiling node test.demo_project.not_null_fct_events_occurred_at.a4f211de4a
[0m06:12:00.993733 [debug] [Thread-1 (]: Writing injected SQL for node "test.demo_project.not_null_fct_events_occurred_at.a4f211de4a"
[0m06:12:01.000432 [debug] [Thread-1 (]: Began executing node test.demo_project.not_null_fct_events_occurred_at.a4f211de4a
[0m06:12:01.003554 [debug] [Thread-1 (]: Writing runtime sql for node "test.demo_project.not_null_fct_events_occurred_at.a4f211de4a"
[0m06:12:01.009459 [debug] [Thread-1 (]: Using postgres connection "test.demo_project.not_null_fct_events_occurred_at.a4f211de4a"
[0m06:12:01.010383 [debug] [Thread-1 (]: On test.demo_project.not_null_fct_events_occurred_at.a4f211de4a: BEGIN
[0m06:12:01.011112 [debug] [Thread-1 (]: Opening a new connection, currently in state closed
[0m06:12:01.018794 [debug] [Thread-1 (]: SQL status: BEGIN in 0.008 seconds
[0m06:12:01.019712 [debug] [Thread-1 (]: Using postgres connection "test.demo_project.not_null_fct_events_occurred_at.a4f211de4a"
[0m06:12:01.020456 [debug] [Thread-1 (]: On test.demo_project.not_null_fct_events_occurred_at.a4f211de4a: /* {"app": "dbt", "dbt_version": "1.8.7", "profile_name": "demo_project", "target_name": "dev", "node_id": "test.demo_project.not_null_fct_events_occurred_at.a4f211de4a"} */
select
      count(*) as failures,
      count(*) != 0 as should_warn,
      count(*) != 0 as should_error
    from (
      
    
    



select occurred_at
from "analytics"."public"."fct_events"
where occurred_at is null



      
    ) dbt_internal_test
[0m06:12:01.021952 [debug] [Thread-1 (]: SQL status: SELECT 1 in 0.001 seconds
[0m06:12:01.023664 [debug] [Thread-1 (]: On test.demo_project.not_null_fct_events_occurred_at.a4f211de4a: ROLLBACK
[0m06:12:01.024557 [debug] [Thread-1 (]: On test.demo_project.not_null_fct_events_occurred_at.a4f211de4a: Close
[0m06:12:01.025542 [info ] [Thread-1 (]: 2 of 4 PASS not_null_fct_events_occurred_at .................................... [[32mPASS[0m in 0.04s]
[0m06:12:01.026599 [debug] [Thread-1 (]: Finished running node test.demo_project.not_null_fct_events_occurred_at.a4f211de4a
[0m06:12:01.027594 [debug] [Thread-1 (]: Began running node test.demo_project.not_null_hello_dbt_message.d7182b8860
[0m06:12:01.028382 [info ] [Thread-1 (]: 3 of 4 START test not_null_hello_dbt_message ................................... [RUN]
[0m06:12:01.029229 [debug] [Thread-1 (]: Re-using an available connection from the pool (formerly test.demo_project.not_null_fct_events_occurred_at.a4f211de4a, now test.demo_project.not_null_hello_dbt_message.d7182b8860)
[0m06:12:01.029983 [debug] [Thread-1 (]: Began compiling node test.demo_project.not_null_hello_dbt_message.d7182b8860
[0m06:12:01.033971 [debug] [Thread-1 (]: Writing injected SQL for node "test.demo_project.not_null_hello_dbt_message.d7182b8860"
[0m06:12:01.039872 [debug] [Thread-1 (]: Began executing node test.demo_project.not_null_hello_dbt_message.d7182b8860
[0m06:12:01.042500 [debug] [Thread-1 (]: Writing runtime sql for node "test.demo_project.not_null_hello_dbt_message.d7182b8860"
[0m06:12:01.049325 [debug] [Thread-1 (]: Using postgres connection "test.demo_project.not_null_hello_dbt_message.d7182b8860"
[0m06:12:01.050298 [debug] [Thread-1 (]: On test.demo_project.not_null_hello_dbt_message.d7182b8860: BEGIN
[0m06:12:01.051034 [debug] [Thread-1 (]: Opening a new connection, currently in state closed
[0m06:12:01.058284 [debug] [Thread-1 (]: SQL status: BEGIN in 0.007 seconds
[0m06:12:01.059339 [debug] [Thread-1 (]: Using postgres connection "test.demo_project.not_null_hello_dbt_message.d7182b8860"
[0m06:12:01.060340 [debug] [Thread-1 (]: On test.demo_project.not_null_hello_dbt_message.d7182b8860: /* {"app": "dbt", "dbt_version": "1.8.7", "profile_name": "demo_project", "target_name": "dev", "node_id": "test.demo_project.not_null_hello_dbt_message.d7182b8860"} */
select
      count(*) as failures,
      count(*) != 0 as should_warn,
      count(*) != 0 as should_error
    from (
      
    
    



select message
from "analytics"."public"."hello_dbt"
where message is null



      
    ) dbt_internal_test
[0m06:12:01.062199 [debug] [Thread-1 (]: SQL status: SELECT 1 in 0.001 seconds
[0m06:12:01.064583 [debug] [Thread-1 (]: On test.demo_project.not_null_hello_dbt_message.d7182b8860: ROLLBACK
[0m06:12:01.065654 [debug] [Thread-1 (]: On test.demo_project.not_null_hello_dbt_message.d7182b8860: Close
[0m06:12:01.066871 [info ] [Thread-1 (]: 3 of 4 PASS not_null_hello_dbt_message ......................................... [[32mPASS[0m in 0.04s]
[0m06:12:01.068153 [debug] [Thread-1 (]: Finished running node test.demo_project.not_null_hello_dbt_message.d7182b8860
[0m06:12:01.069047 [debug] [Thread-1 (]: Began running node test.demo_project.unique_fct_events_event_id.355e3ede35
[0m06:12:01.070511 [info ] [Thread-1 (]: 4 of 4 START test unique_fct_events_event_id ................................... [RUN]
[0m06:12:01.072643 [debug] [Thread-1 (]: Re-using an available connection from the pool (formerly test.demo_project.not_null_hello_dbt_message.d7182b8860, now test.demo_project.unique_fct_events_event_id.355e3ede35)
[0m06:12:01.073928 [debug] [Thread-1 (]: Began compiling node test.demo_project.unique_fct_events_event_id.355e3ede35
[0m06:12:01.082213 [debug] [Thread-1 (]: Writing injected SQL for node "test.demo_project.unique_fct_events_event_id.355e3ede35"
[0m06:12:01.091951 [debug] [Thread-1 (]: Began executing node test.demo_project.unique_fct_events_event_id.355e3ede35
[0m06:12:01.095165 [debug] [Thread-1 (]: Writing runtime sql for node "test.demo_project.unique_fct_events_event_id.355e3ede35"
[0m06:12:01.102465 [debug] [Thread-1 (]: Using postgres connection "test.demo_project.unique_fct_events_event_id.355e3ede35"
[0m06:12:01.103573 [debug] [Thread-1 (]: On test.demo_project.unique_fct_events_event_id.355e3ede35: BEGIN
[0m06:12:01.104538 [debug] [Thread-1 (]: Opening a new connection, currently in state closed
[0m06:12:01.114587 [debug] [Thread-1 (]: SQL status: BEGIN in 0.010 seconds
[0m06:12:01.116015 [debug] [Thread-1 (]: Using postgres connection "test.demo_project.unique_fct_events_event_id.355e3ede35"
[0m06:12:01.117069 [debug] [Thread-1 (]: On test.demo_project.unique_fct_events_event_id.355e3ede35: /* {"app": "dbt", "dbt_version": "1.8.7", "profile_name": "demo_project", "target_name": "dev", "node_id": "test.demo_project.unique_fct_events_event_id.355e3ede35"} */
select
      count(*) as failures,
      count(*) != 0 as should_warn,
      count(*) != 0 as should_error
    from (
      
    
    

select
    event_id as unique_field,
    count(*) as n_records

from "analytics"."public"."fct_events"
where event_id is not null
group by event_id
having count(*) > 1



      
    ) dbt_internal_test
[0m06:12:01.119167 [debug] [Thread-1 (]: SQL status: SELECT 1 in 0.001 seconds
[0m06:12:01.121395 [debug] [Thread-1 (]: On test.demo_project.unique_fct_events_event_id.355e3ede35: ROLLBACK
[0m06:12:01.123074 [debug] [Thread-1 (]: On test.demo_project.unique_fct_events_event_id.355e3ede35: Close
[0m06:12:01.124483 [info ] [Thread-1 (]: 4 of 4 PASS unique_fct_events_event_id ......................................... [[32mPASS[0m in 0.05s]
[0m06:12:01.126080 [debug] [Thread-1 (]: Finished running node test.demo_project.unique_fct_events_event_id.355e3ede35
[0m06:12:01.128331 [debug] [MainThread]: Using postgres connection "master"
[0m06:12:01.129144 [debug] [MainThread]: On master: BEGIN
[0m06:12:01.129974 [debug] [MainThread]: Opening a new connection, currently in state closed
[0m06:12:01.136609 [debug] [MainThread]: SQL status: BEGIN in 0.007 seconds
[0m06:12:01.137855 [debug] [MainThread]: On master: COMMIT
[0m06:12:01.138708 [debug] [MainThread]: Using postgres connection "master"
[0m06:12:01.139423 [debug] [MainThread]: On master: COMMIT
[0m06:12:01.140276 [debug] [MainThread]: SQL status: COMMIT in 0.000 seconds
[0m06:12:01.140956 [debug] [MainThread]: On master: Close
[0m06:12:01.141861 [debug] [MainThread]: Connection 'master' was properly closed.
[0m06:12:01.142554 [debug] [MainThread]: Connection 'test.demo_project.unique_fct_events_event_id.355e3ede35' was properly closed.
[0m06:12:01.143332 [info ] [MainThread]: 
[0m06:12:01.144088 [info ] [MainThread]: Finished running 4 data tests in 0 hours 0 minutes and 0.33 seconds (0.33s).
[0m06:12:01.145380 [debug] [MainThread]: Command end result
[0m06:12:01.187575 [info ] [MainThread]: 
[0m06:12:01.188975 [info ] [MainThread]: [32mCompleted successfully[0m
[0m06:12:01.189923 [info ] [MainThread]: 
[0m06:12:01.190870 [info ] [MainThread]: Done. PASS=4 WARN=0 ERROR=0 SKIP=0 TOTAL=4
[0m06:12:01.192321 [debug] [MainThread]: Resource report: {"command_name": "test", "command_success": true, "command_wall_clock_time": 1.0893023, "process_user_time": 2.704332, "process_kernel_time": 0.261138, "process_mem_max_rss": "157864", "process_in_blocks": "0", "process_out_blocks": "0"}
[0m06:12:01.193438 [debug] [MainThread]: Command `dbt test` succeeded at 06:12:01.193326 after 1.09 seconds
[0m06:12:01.194514 [debug] [MainThread]: Sending event: {'category': 'dbt', 'action': 'invocation', 'label': 'end', 'context': [<snowplow_tracker.self_describing_json.SelfDescribingJson object at 0x7f7d90ba83e0>, <snowplow_tracker.self_describing_json.SelfDescribingJson object at 0x7f7d8b1200e0>, <snowplow_tracker.self_describing_json.SelfDescribingJson object at 0x7f7d8e3bef00>]}
[0m06:12:01.195497 [debug] [MainThread]: Flushing usage events
[0m06:12:18.043856 [debug] [MainThread]: Sending event: {'category': 'dbt', 'action': 'invocation', 'label': 'start', 'context': [<snowplow_tracker.self_describing_json.SelfDescribingJson object at 0x7901f6a3fc50>, <snowplow_tracker.self_describing_json.SelfDescribingJson object at 0x7901f6793200>, <snowplow_tracker.self_describing_json.SelfDescribingJson object at 0x7901f684cbc0>]}


============================== 06:12:18.054952 | 6506ede2-3652-40e5-86a6-c4708b0f836b ==============================
[0m06:12:18.054952 [info ] [MainThread]: Running with dbt=1.8.7
[0m06:12:18.056903 [debug] [MainThread]: running dbt with arguments {'printer_width': '80', 'indirect_selection': 'eager', 'write_json': 'True', 'log_cache_events': 'False', 'partial_parse': 'True', 'cache_selected_only': 'False', 'profiles_dir': '/opt/airflow/dbt/profiles', 'version_check': 'True', 'fail_fast': 'False', 'log_path': '/opt/airflow/dbt/logs', 'debug': 'False', 'warn_error': 'None', 'use_colors': 'True', 'use_experimental_parser': 'False', 'no_print': 'None', 'quiet': 'False', 'empty': 'None', 'log_format': 'default', 'introspect': 'True', 'invocation_command': 'dbt debug', 'static_parser': 'True', 'target_path': 'None', 'warn_error_options': 'WarnErrorOptions(include=[], exclude=[])', 'send_anonymous_usage_stats': 'True'}
[0m06:12:18.070070 [info ] [MainThread]: dbt version: 1.8.7
[0m06:12:18.071518 [info ] [MainThread]: python version: 3.12.4
[0m06:12:18.072941 [info ] [MainThread]: python path: /home/airflow/.local/bin/python
[0m06:12:18.074246 [info ] [MainThread]: os info: Linux-6.6.87.2-microsoft-standard-WSL2-x86_64-with-glibc2.36
[0m06:12:18.161091 [info ] [MainThread]: Using profiles dir at /opt/airflow/dbt/profiles
[0m06:12:18.162822 [info ] [MainThread]: Using profiles.yml file at /opt/airflow/dbt/profiles/profiles.yml
[0m06:12:18.164443 [info ] [MainThread]: Using dbt_project.yml file at /opt/airflow/dbt/dbt_project.yml
[0m06:12:18.166353 [info ] [MainThread]: adapter type: postgres
[0m06:12:18.168182 [info ] [MainThread]: adapter version: 1.8.2
[0m06:12:18.281920 [info ] [MainThread]: Configuration:
[0m06:12:18.283492 [info ] [MainThread]:   profiles.yml file [[32mOK found and valid[0m]
[0m06:12:18.285093 [info ] [MainThread]:   dbt_project.yml file [[32mOK found and valid[0m]
[0m06:12:18.286432 [info ] [MainThread]: Required dependencies:
[0m06:12:18.287822 [debug] [MainThread]: Executing "git --help"
[0m06:12:18.292562 [debug] [MainThread]: STDOUT: "b"usage: git [-v | --version] [-h | --help] [-C <path>] [-c <name>=<value>]\n           [--exec-path[=<path>]] [--html-path] [--man-path] [--info-path]\n           [-p | --paginate | -P | --no-pager] [--no-replace-objects] [--bare]\n           [--git-dir=<path>] [--work-tree=<path>] [--namespace=<name>]\n           [--super-prefix=<path>] [--config-env=<name>=<envvar>]\n           <command> [<args>]\n\nThese are common Git commands used in various situations:\n\nstart a working area (see also: git help tutorial)\n   clone     Clone a repository into a new directory\n   init      Create an empty Git repository or reinitialize an existing one\n\nwork on the current change (see also: git help everyday)\n   add       Add file contents to the index\n   mv        Move or rename a file, a directory, or a symlink\n   restore   Restore working tree files\n   rm        Remove files from the working tree and from the index\n\nexamine the history and state (see also: git help revisions)\n   bisect    Use binary search to find the commit that introduced a bug\n   diff      Show changes between commits, commit and working tree, etc\n   grep      Print lines matching a pattern\n   log       Show commit logs\n   show      Show various types of objects\n   status    Show the working tree status\n\ngrow, mark and tweak your common history\n   branch    List, create, or delete branches\n   commit    Record changes to the repository\n   merge     Join two or more development histories together\n   rebase    Reapply commits on top of another base tip\n   reset     Reset current HEAD to the specified state\n   switch    Switch branches\n   tag       Create, list, delete or verify a tag object signed with GPG\n\ncollaborate (see also: git help workflows)\n   fetch     Download objects and refs from another repository\n   pull      Fetch from and integrate with another repository or a local branch\n   push      Update remote refs along with associated objects\n\n'git help -a' and 'git help -g' list available subcommands and some\nconcept guides. See 'git help <command>' or 'git help <concept>'\nto read about a specific subcommand or concept.\nSee 'git help git' for an overview of the system.\n""
[0m06:12:18.294347 [debug] [MainThread]: STDERR: "b''"
[0m06:12:18.295616 [info ] [MainThread]:  - git [[32mOK found[0m]

[0m06:12:18.297284 [info ] [MainThread]: Connection:
[0m06:12:18.298838 [info ] [MainThread]:   host: postgres
[0m06:12:18.300576 [info ] [MainThread]:   port: 5432
[0m06:12:18.301916 [info ] [MainThread]:   user: airflow
[0m06:12:18.303503 [info ] [MainThread]:   database: analytics
[0m06:12:18.304986 [info ] [MainThread]:   schema: public
[0m06:12:18.306354 [info ] [MainThread]:   connect_timeout: 10
[0m06:12:18.307480 [info ] [MainThread]:   role: None
[0m06:12:18.308263 [info ] [MainThread]:   search_path: None
[0m06:12:18.309245 [info ] [MainThread]:   keepalives_idle: 0
[0m06:12:18.310141 [info ] [MainThread]:   sslmode: None
[0m06:12:18.310981 [info ] [MainThread]:   sslcert: None
[0m06:12:18.311888 [info ] [MainThread]:   sslkey: None
[0m06:12:18.312680 [info ] [MainThread]:   sslrootcert: None
[0m06:12:18.313484 [info ] [MainThread]:   application_name: dbt
[0m06:12:18.314355 [info ] [MainThread]:   retries: 1
[0m06:12:18.315361 [info ] [MainThread]: Registered adapter: postgres=1.8.2
[0m06:12:18.386357 [debug] [MainThread]: Acquiring new postgres connection 'debug'
[0m06:12:18.416510 [debug] [MainThread]: Using postgres connection "debug"
[0m06:12:18.418160 [debug] [MainThread]: On debug: select 1 as id
[0m06:12:18.419499 [debug] [MainThread]: Opening a new connection, currently in state init
[0m06:12:18.431175 [debug] [MainThread]: SQL status: SELECT 1 in 0.012 seconds
[0m06:12:18.432762 [debug] [MainThread]: On debug: Close
[0m06:12:18.433694 [info ] [MainThread]:   Connection test: [[32mOK connection ok[0m]

[0m06:12:18.434649 [info ] [MainThread]: [32mAll checks passed![0m
[0m06:12:18.436106 [debug] [MainThread]: Resource report: {"command_name": "debug", "command_success": true, "command_wall_clock_time": 0.45831966, "process_user_time": 2.415845, "process_kernel_time": 0.271837, "process_mem_max_rss": "157860", "process_in_blocks": "0", "process_out_blocks": "0"}
[0m06:12:18.437211 [debug] [MainThread]: Command `dbt debug` succeeded at 06:12:18.437073 after 0.46 seconds
[0m06:12:18.438054 [debug] [MainThread]: Connection 'debug' was properly closed.
[0m06:12:18.439014 [debug] [MainThread]: Sending event: {'category': 'dbt', 'action': 'invocation', 'label': 'end', 'context': [<snowplow_tracker.self_describing_json.SelfDescribingJson object at 0x7901f6edee40>, <snowplow_tracker.self_describing_json.SelfDescribingJson object at 0x7901f62fc530>, <snowplow_tracker.self_describing_json.SelfDescribingJson object at 0x7901f6a3d130>]}
[0m06:12:18.439732 [debug] [MainThread]: Flushing usage events
[0m06:12:24.735526 [debug] [MainThread]: Sending event: {'category': 'dbt', 'action': 'invocation', 'label': 'start', 'context': [<snowplow_tracker.self_describing_json.SelfDescribingJson object at 0x7b540cbe76e0>, <snowplow_tracker.self_describing_json.SelfDescribingJson object at 0x7b540cd76720>, <snowplow_tracker.self_describing_json.SelfDescribingJson object at 0x7b540cbe6f90>]}


============================== 06:12:24.742406 | bd890ce2-87d2-4979-8962-45bed64f94c2 ==============================
[0m06:12:24.742406 [info ] [MainThread]: Running with dbt=1.8.7
[0m06:12:24.743566 [debug] [MainThread]: running dbt with arguments {'printer_width': '80', 'indirect_selection': 'eager', 'write_json': 'True', 'log_cache_events': 'False', 'partial_parse': 'True', 'cache_selected_only': 'False', 'profiles_dir': '/opt/airflow/dbt/profiles', 'fail_fast': 'False', 'debug': 'False', 'log_path': '/opt/airflow/dbt/logs', 'warn_error': 'None', 'version_check': 'True', 'use_colors': 'True', 'use_experimental_parser': 'False', 'empty': 'False', 'quiet': 'False', 'no_print': 'None', 'log_format': 'default', 'static_parser': 'True', 'warn_error_options': 'WarnErrorOptions(include=[], exclude=[])', 'introspect': 'True', 'target_path': 'None', 'invocation_command': 'dbt run', 'send_anonymous_usage_stats': 'True'}
[0m06:12:24.931698 [debug] [MainThread]: Sending event: {'category': 'dbt', 'action': 'project_id', 'label': 'bd890ce2-87d2-4979-8962-45bed64f94c2', 'context': [<snowplow_tracker.self_describing_json.SelfDescribingJson object at 0x7b540c6caf00>]}
[0m06:12:24.986714 [debug] [MainThread]: Sending event: {'category': 'dbt', 'action': 'adapter_info', 'label': 'bd890ce2-87d2-4979-8962-45bed64f94c2', 'context': [<snowplow_tracker.self_describing_json.SelfDescribingJson object at 0x7b540ceba1b0>]}
[0m06:12:24.988530 [info ] [MainThread]: Registered adapter: postgres=1.8.2
[0m06:12:25.068618 [debug] [MainThread]: checksum: 4af21dafb485259c48497ac86b711ddb1982f3d0f1c0ca4e09356de488b753c0, vars: {}, profile: , target: , version: 1.8.7
[0m06:12:25.314362 [debug] [MainThread]: Partial parsing enabled: 0 files deleted, 0 files added, 0 files changed.
[0m06:12:25.315631 [debug] [MainThread]: Partial parsing enabled, no changes found, skipping parsing
[0m06:12:25.358661 [debug] [MainThread]: Sending event: {'category': 'dbt', 'action': 'load_project', 'label': 'bd890ce2-87d2-4979-8962-45bed64f94c2', 'context': [<snowplow_tracker.self_describing_json.SelfDescribingJson object at 0x7b540cbe74a0>]}
[0m06:12:25.479768 [debug] [MainThread]: Sending event: {'category': 'dbt', 'action': 'resource_counts', 'label': 'bd890ce2-87d2-4979-8962-45bed64f94c2', 'context': [<snowplow_tracker.self_describing_json.SelfDescribingJson object at 0x7b540bbaf440>]}
[0m06:12:25.481143 [info ] [MainThread]: Found 2 models, 4 data tests, 1 source, 428 macros
[0m06:12:25.482372 [debug] [MainThread]: Sending event: {'category': 'dbt', 'action': 'runnable_timing', 'label': 'bd890ce2-87d2-4979-8962-45bed64f94c2', 'context': [<snowplow_tracker.self_describing_json.SelfDescribingJson object at 0x7b540bb91670>]}
[0m06:12:25.484846 [info ] [MainThread]: 
[0m06:12:25.486401 [debug] [MainThread]: Acquiring new postgres connection 'master'
[0m06:12:25.491104 [debug] [ThreadPool]: Acquiring new postgres connection 'list_analytics'
[0m06:12:25.536770 [debug] [ThreadPool]: Using postgres connection "list_analytics"
[0m06:12:25.546206 [debug] [ThreadPool]: On list_analytics: /* {"app": "dbt", "dbt_version": "1.8.7", "profile_name": "demo_project", "target_name": "dev", "connection_name": "list_analytics"} */

    select distinct nspname from pg_namespace
  
[0m06:12:25.548183 [debug] [ThreadPool]: Opening a new connection, currently in state init
[0m06:12:25.563586 [debug] [ThreadPool]: SQL status: SELECT 6 in 0.015 seconds
[0m06:12:25.566892 [debug] [ThreadPool]: On list_analytics: Close
[0m06:12:25.577238 [debug] [ThreadPool]: Re-using an available connection from the pool (formerly list_analytics, now list_analytics_public)
[0m06:12:25.590172 [debug] [ThreadPool]: Using postgres connection "list_analytics_public"
[0m06:12:25.591964 [debug] [ThreadPool]: On list_analytics_public: BEGIN
[0m06:12:25.593444 [debug] [ThreadPool]: Opening a new connection, currently in state closed
[0m06:12:25.608321 [debug] [ThreadPool]: SQL status: BEGIN in 0.015 seconds
[0m06:12:25.610639 [debug] [ThreadPool]: Using postgres connection "list_analytics_public"
[0m06:12:25.613343 [debug] [ThreadPool]: On list_analytics_public: /* {"app": "dbt", "dbt_version": "1.8.7", "profile_name": "demo_project", "target_name": "dev", "connection_name": "list_analytics_public"} */
select
      'analytics' as database,
      tablename as name,
      schemaname as schema,
      'table' as type
    from pg_tables
    where schemaname ilike 'public'
    union all
    select
      'analytics' as database,
      viewname as name,
      schemaname as schema,
      'view' as type
    from pg_views
    where schemaname ilike 'public'
    union all
    select
      'analytics' as database,
      matviewname as name,
      schemaname as schema,
      'materialized_view' as type
    from pg_matviews
    where schemaname ilike 'public'
  
[0m06:12:25.618617 [debug] [ThreadPool]: SQL status: SELECT 3 in 0.003 seconds
[0m06:12:25.621841 [debug] [ThreadPool]: On list_analytics_public: ROLLBACK
[0m06:12:25.623665 [debug] [ThreadPool]: On list_analytics_public: Close
[0m06:12:25.631569 [debug] [MainThread]: Using postgres connection "master"
[0m06:12:25.632975 [debug] [MainThread]: On master: BEGIN
[0m06:12:25.634145 [debug] [MainThread]: Opening a new connection, currently in state init
[0m06:12:25.643790 [debug] [MainThread]: SQL status: BEGIN in 0.010 seconds
[0m06:12:25.645133 [debug] [MainThread]: Using postgres connection "master"
[0m06:12:25.646369 [debug] [MainThread]: On master: /* {"app": "dbt", "dbt_version": "1.8.7", "profile_name": "demo_project", "target_name": "dev", "connection_name": "master"} */
with relation as (
        select
            pg_rewrite.ev_class as class,
            pg_rewrite.oid as id
        from pg_rewrite
    ),
    class as (
        select
            oid as id,
            relname as name,
            relnamespace as schema,
            relkind as kind
        from pg_class
    ),
    dependency as (
        select distinct
            pg_depend.objid as id,
            pg_depend.refobjid as ref
        from pg_depend
    ),
    schema as (
        select
            pg_namespace.oid as id,
            pg_namespace.nspname as name
        from pg_namespace
        where nspname != 'information_schema' and nspname not like 'pg\_%'
    ),
    referenced as (
        select
            relation.id AS id,
            referenced_class.name ,
            referenced_class.schema ,
            referenced_class.kind
        from relation
        join class as referenced_class on relation.class=referenced_class.id
        where referenced_class.kind in ('r', 'v', 'm')
    ),
    relationships as (
        select
            referenced.name as referenced_name,
            referenced.schema as referenced_schema_id,
            dependent_class.name as dependent_name,
            dependent_class.schema as dependent_schema_id,
            referenced.kind as kind
        from referenced
        join dependency on referenced.id=dependency.id
        join class as dependent_class on dependency.ref=dependent_class.id
        where
            (referenced.name != dependent_class.name or
             referenced.schema != dependent_class.schema)
    )

    select
        referenced_schema.name as referenced_schema,
        relationships.referenced_name as referenced_name,
        dependent_schema.name as dependent_schema,
        relationships.dependent_name as dependent_name
    from relationships
    join schema as dependent_schema on relationships.dependent_schema_id=dependent_schema.id
    join schema as referenced_schema on relationships.referenced_schema_id=referenced_schema.id
    group by referenced_schema, referenced_name, dependent_schema, dependent_name
    order by referenced_schema, referenced_name, dependent_schema, dependent_name;
[0m06:12:25.650997 [debug] [MainThread]: SQL status: SELECT 0 in 0.003 seconds
[0m06:12:25.653379 [debug] [MainThread]: Sending event: {'category': 'dbt', 'action': 'runnable_timing', 'label': 'bd890ce2-87d2-4979-8962-45bed64f94c2', 'context': [<snowplow_tracker.self_describing_json.SelfDescribingJson object at 0x7b540af8ef00>]}
[0m06:12:25.654778 [debug] [MainThread]: On master: ROLLBACK
[0m06:12:25.656127 [debug] [MainThread]: Using postgres connection "master"
[0m06:12:25.657216 [debug] [MainThread]: On master: BEGIN
[0m06:12:25.658943 [debug] [MainThread]: SQL status: BEGIN in 0.000 seconds
[0m06:12:25.660028 [debug] [MainThread]: On master: COMMIT
[0m06:12:25.660945 [debug] [MainThread]: Using postgres connection "master"
[0m06:12:25.661845 [debug] [MainThread]: On master: COMMIT
[0m06:12:25.663037 [debug] [MainThread]: SQL status: COMMIT in 0.000 seconds
[0m06:12:25.663957 [debug] [MainThread]: On master: Close
[0m06:12:25.665063 [info ] [MainThread]: Concurrency: 1 threads (target='dev')
[0m06:12:25.666207 [info ] [MainThread]: 
[0m06:12:25.676406 [debug] [Thread-1 (]: Began running node model.demo_project.fct_events
[0m06:12:25.677904 [info ] [Thread-1 (]: 1 of 2 START sql incremental model public.fct_events ........................... [RUN]
[0m06:12:25.679138 [debug] [Thread-1 (]: Re-using an available connection from the pool (formerly list_analytics_public, now model.demo_project.fct_events)
[0m06:12:25.680245 [debug] [Thread-1 (]: Began compiling node model.demo_project.fct_events
[0m06:12:25.695253 [debug] [Thread-1 (]: Writing injected SQL for node "model.demo_project.fct_events"
[0m06:12:25.704480 [debug] [Thread-1 (]: Began executing node model.demo_project.fct_events
[0m06:12:25.768038 [debug] [Thread-1 (]: Using postgres connection "model.demo_project.fct_events"
[0m06:12:25.769691 [debug] [Thread-1 (]: On model.demo_project.fct_events: /* {"app": "dbt", "dbt_version": "1.8.7", "profile_name": "demo_project", "target_name": "dev", "node_id": "model.demo_project.fct_events"} */

    
  
    

  create temporary table "fct_events__dbt_tmp061225738715"
  
  
    as
  
  (
    

select
    event_id,
    event_type,
    occurred_at
from "analytics"."public"."raw_events"


  where occurred_at > (select max(occurred_at) from "analytics"."public"."fct_events")

  );
  
  
[0m06:12:25.770985 [debug] [Thread-1 (]: Opening a new connection, currently in state closed
[0m06:12:25.783169 [debug] [Thread-1 (]: SQL status: SELECT 3 in 0.012 seconds
[0m06:12:25.800121 [debug] [Thread-1 (]: Using postgres connection "model.demo_project.fct_events"
[0m06:12:25.801742 [debug] [Thread-1 (]: On model.demo_project.fct_events: BEGIN
[0m06:12:25.803506 [debug] [Thread-1 (]: SQL status: BEGIN in 0.000 seconds
[0m06:12:25.804987 [debug] [Thread-1 (]: Using postgres connection "model.demo_project.fct_events"
[0m06:12:25.806357 [debug] [Thread-1 (]: On model.demo_project.fct_events: /* {"app": "dbt", "dbt_version": "1.8.7", "profile_name": "demo_project", "target_name": "dev", "node_id": "model.demo_project.fct_events"} */

      select
          column_name,
          data_type,
          character_maximum_length,
          numeric_precision,
          numeric_scale

      from INFORMATION_SCHEMA.columns
      where table_name = 'fct_events__dbt_tmp061225738715'
        
      order by ordinal_position

  
[0m06:12:25.814086 [debug] [Thread-1 (]: SQL status: SELECT 3 in 0.006 seconds
[0m06:12:25.821045 [debug] [Thread-1 (]: Using postgres connection "model.demo_project.fct_events"
[0m06:12:25.822730 [debug] [Thread-1 (]: On model.demo_project.fct_events: /* {"app": "dbt", "dbt_version": "1.8.7", "profile_name": "demo_project", "target_name": "dev", "node_id": "model.demo_project.fct_events"} */

      select
          column_name,
          data_type,
          character_maximum_length,
          numeric_precision,
          numeric_scale

      from "analytics".INFORMATION_SCHEMA.columns
      where table_name = 'fct_events'
        
        and table_schema = 'public'
        
      order by ordinal_position

  
[0m06:12:25.827672 [debug] [Thread-1 (]: SQL status: SELECT 3 in 0.003 seconds
[0m06:12:25.839178 [debug] [Thread-1 (]: Using postgres connection "model.demo_project.fct_events"
[0m06:12:25.841163 [debug] [Thread-1 (]: On model.demo_project.fct_events: /* {"app": "dbt", "dbt_version": "1.8.7", "profile_name": "demo_project", "target_name": "dev", "node_id": "model.demo_project.fct_events"} */

      select
          column_name,
          data_type,
          character_maximum_length,
          numeric_precision,
          numeric_scale

      from "analytics".INFORMATION_SCHEMA.columns
      where table_name = 'fct_events'
        
        and table_schema = 'public'
        
      order by ordinal_position

  
[0m06:12:25.846111 [debug] [Thread-1 (]: SQL status: SELECT 3 in 0.003 seconds
[0m06:12:25.869032 [debug] [Thread-1 (]: Writing runtime sql for node "model.demo_project.fct_events"
[0m06:12:25.879719 [debug] [Thread-1 (]: Using postgres connection "model.demo_project.fct_events"
[0m06:12:25.880963 [debug] [Thread-1 (]: On model.demo_project.fct_events: /* {"app": "dbt", "dbt_version": "1.8.7", "profile_name": "demo_project", "target_name": "dev", "node_id": "model.demo_project.fct_events"} */

      
        
            delete from "analytics"."public"."fct_events"
            where (
                event_id) in (
                select (event_id)
                from "fct_events__dbt_tmp061225738715"
            );

        
    

    insert into "analytics"."public"."fct_events" ("event_id", "event_type", "occurred_at")
    (
        select "event_id", "event_type", "occurred_at"
        from "fct_events__dbt_tmp061225738715"
    )
  
[0m06:12:25.882934 [debug] [Thread-1 (]: SQL status: INSERT 0 3 in 0.001 seconds
[0m06:12:25.898209 [debug] [Thread-1 (]: On model.demo_project.fct_events: COMMIT
[0m06:12:25.899635 [debug] [Thread-1 (]: Using postgres connection "model.demo_project.fct_events"
[0m06:12:25.900715 [debug] [Thread-1 (]: On model.demo_project.fct_events: COMMIT
[0m06:12:25.903423 [debug] [Thread-1 (]: SQL status: COMMIT in 0.002 seconds
[0m06:12:25.906084 [debug] [Thread-1 (]: On model.demo_project.fct_events: Close
[0m06:12:25.908248 [debug] [Thread-1 (]: Sending event: {'category': 'dbt', 'action': 'run_model', 'label': 'bd890ce2-87d2-4979-8962-45bed64f94c2', 'context': [<snowplow_tracker.self_describing_json.SelfDescribingJson object at 0x7b540e061460>]}
[0m06:12:25.912046 [info ] [Thread-1 (]: 1 of 2 OK created sql incremental model public.fct_events ...................... [[32mINSERT 0 3[0m in 0.23s]
[0m06:12:25.913364 [debug] [Thread-1 (]: Finished running node model.demo_project.fct_events
[0m06:12:25.914312 [debug] [Thread-1 (]: Began running node model.demo_project.hello_dbt
[0m06:12:25.915297 [info ] [Thread-1 (]: 2 of 2 START sql table model public.hello_dbt .................................. [RUN]
[0m06:12:25.916393 [debug] [Thread-1 (]: Re-using an available connection from the pool (formerly model.demo_project.fct_events, now model.demo_project.hello_dbt)
[0m06:12:25.917276 [debug] [Thread-1 (]: Began compiling node model.demo_project.hello_dbt
[0m06:12:25.919947 [debug] [Thread-1 (]: Writing injected SQL for node "model.demo_project.hello_dbt"
[0m06:12:25.925374 [debug] [Thread-1 (]: Began executing node model.demo_project.hello_dbt
[0m06:12:25.938410 [debug] [Thread-1 (]: Writing runtime sql for node "model.demo_project.hello_dbt"
[0m06:12:25.945807 [debug] [Thread-1 (]: Using postgres connection "model.demo_project.hello_dbt"
[0m06:12:25.946910 [debug] [Thread-1 (]: On model.demo_project.hello_dbt: BEGIN
[0m06:12:25.947742 [debug] [Thread-1 (]: Opening a new connection, currently in state closed
[0m06:12:25.955204 [debug] [Thread-1 (]: SQL status: BEGIN in 0.007 seconds
[0m06:12:25.956212 [debug] [Thread-1 (]: Using postgres connection "model.demo_project.hello_dbt"
[0m06:12:25.957028 [debug] [Thread-1 (]: On model.demo_project.hello_dbt: /* {"app": "dbt", "dbt_version": "1.8.7", "profile_name": "demo_project", "target_name": "dev", "node_id": "model.demo_project.hello_dbt"} */

  
    

  create  table "analytics"."public"."hello_dbt__dbt_tmp"
  
  
    as
  
  (
    select
    'hello from dbt running in Docker Desktop' as message,
    current_timestamp as generated_at
  );
  
[0m06:12:25.963027 [debug] [Thread-1 (]: SQL status: SELECT 1 in 0.005 seconds
[0m06:12:25.968982 [debug] [Thread-1 (]: Using postgres connection "model.demo_project.hello_dbt"
[0m06:12:25.970134 [debug] [Thread-1 (]: On model.demo_project.hello_dbt: /* {"app": "dbt", "dbt_version": "1.8.7", "profile_name": "demo_project", "target_name": "dev", "node_id": "model.demo_project.hello_dbt"} */
alter table "analytics"."public"."hello_dbt" rename to "hello_dbt__dbt_backup"
[0m06:12:25.971798 [debug] [Thread-1 (]: SQL status: ALTER TABLE in 0.001 seconds
[0m06:12:25.975251 [debug] [Thread-1 (]: Using postgres connection "model.demo_project.hello_dbt"
[0m06:12:25.976268 [debug] [Thread-1 (]: On model.demo_project.hello_dbt: /* {"app": "dbt", "dbt_version": "1.8.7", "profile_name": "demo_project", "target_name": "dev", "node_id": "model.demo_project.hello_dbt"} */
alter table "analytics"."public"."hello_dbt__dbt_tmp" rename to "hello_dbt"
[0m06:12:25.977815 [debug] [Thread-1 (]: SQL status: ALTER TABLE in 0.000 seconds
[0m06:12:25.985016 [debug] [Thread-1 (]: On model.demo_project.hello_dbt: COMMIT
[0m06:12:25.986180 [debug] [Thread-1 (]: Using postgres connection "model.demo_project.hello_dbt"
[0m06:12:25.987249 [debug] [Thread-1 (]: On model.demo_project.hello_dbt: COMMIT
[0m06:12:25.989818 [debug] [Thread-1 (]: SQL status: COMMIT in 0.002 seconds
[0m06:12:25.996009 [debug] [Thread-1 (]: Applying DROP to: "analytics"."public"."hello_dbt__dbt_backup"
[0m06:12:26.002143 [debug] [Thread-1 (]: Using postgres connection "model.demo_project.hello_dbt"
[0m06:12:26.003552 [debug] [Thread-1 (]: On model.demo_project.hello_dbt: /* {"app": "dbt", "dbt_version": "1.8.7", "profile_name": "demo_project", "target_name": "dev", "node_id": "model.demo_project.hello_dbt"} */
drop table if exists "analytics"."public"."hello_dbt__dbt_backup" cascade
[0m06:12:26.007186 [debug] [Thread-1 (]: SQL status: DROP TABLE in 0.002 seconds
[0m06:12:26.009312 [debug] [Thread-1 (]: On model.demo_project.hello_dbt: Close
[0m06:12:26.010756 [debug] [Thread-1 (]: Sending event: {'category': 'dbt', 'action': 'run_model', 'label': 'bd890ce2-87d2-4979-8962-45bed64f94c2', 'context': [<snowplow_tracker.self_describing_json.SelfDescribingJson object at 0x7b5409b93770>]}
[0m06:12:26.012635 [info ] [Thread-1 (]: 2 of 2 OK created sql table model public.hello_dbt ............................. [[32mSELECT 1[0m in 0.09s]
[0m06:12:26.013994 [debug] [Thread-1 (]: Finished running node model.demo_project.hello_dbt
[0m06:12:26.015996 [debug] [MainThread]: Using postgres connection "master"
[0m06:12:26.016724 [debug] [MainThread]: On master: BEGIN
[0m06:12:26.017335 [debug] [MainThread]: Opening a new connection, currently in state closed
[0m06:12:26.024140 [debug] [MainThread]: SQL status: BEGIN in 0.007 seconds
[0m06:12:26.025138 [debug] [MainThread]: On master: COMMIT
[0m06:12:26.026021 [debug] [MainThread]: Using postgres connection "master"
[0m06:12:26.027820 [debug] [MainThread]: On master: COMMIT
[0m06:12:26.029330 [debug] [MainThread]: SQL status: COMMIT in 0.000 seconds
[0m06:12:26.030327 [debug] [MainThread]: On master: Close
[0m06:12:26.031575 [debug] [MainThread]: Connection 'master' was properly closed.
[0m06:12:26.032519 [debug] [MainThread]: Connection 'model.demo_project.hello_dbt' was properly closed.
[0m06:12:26.033383 [info ] [MainThread]: 
[0m06:12:26.034349 [info ] [MainThread]: Finished running 1 incremental model, 1 table model in 0 hours 0 minutes and 0.55 seconds (0.55s).
[0m06:12:26.035686 [debug] [MainThread]: Command end result
[0m06:12:26.081915 [info ] [MainThread]: 
[0m06:12:26.083531 [info ] [MainThread]: [32mCompleted successfully[0m
[0m06:12:26.084655 [info ] [MainThread]: 
[0m06:12:26.085699 [info ] [MainThread]: Done. PASS=2 WARN=0 ERROR=0 SKIP=0 TOTAL=2
[0m06:12:26.087703 [debug] [MainThread]: Resource report: {"command_name": "run", "command_success": true, "command_wall_clock_time": 1.4275221, "process_user_time": 2.993518, "process_kernel_time": 0.274514, "process_mem_max_rss": "157860", "process_in_blocks": "0", "process_out_blocks": "0"}
[0m06:12:26.089061 [debug] [MainThread]: Command `dbt run` succeeded at 06:12:26.088925 after 1.43 seconds
[0m06:12:26.090028 [debug] [MainThread]: Sending event: {'category': 'dbt', 'action': 'invocation', 'label': 'end', 'context': [<snowplow_tracker.self_describing_json.SelfDescribingJson object at 0x7b540cf788f0>, <snowplow_tracker.self_describing_json.SelfDescribingJson object at 0x7b540c7c4920>, <snowplow_tracker.self_describing_json.SelfDescribingJson object at 0x7b540e56d0a0>]}
[0m06:12:26.091027 [debug] [MainThread]: Flushing usage events
[0m06:12:29.348995 [debug] [MainThread]: Sending event: {'category': 'dbt', 'action': 'invocation', 'label': 'start', 'context': [<snowplow_tracker.self_describing_json.SelfDescribingJson object at 0x7dfcd3baf140>, <snowplow_tracker.self_describing_json.SelfDescribingJson object at 0x7dfcd4b7b9e0>, <snowplow_tracker.self_describing_json.SelfDescribingJson object at 0x7dfcd3a4e8d0>]}


============================== 06:12:29.356064 | 58aa9f12-7a1a-425d-986b-a383b87a32d7 ==============================
[0m06:12:29.356064 [info ] [MainThread]: Running with dbt=1.8.7
[0m06:12:29.357237 [debug] [MainThread]: running dbt with arguments {'printer_width': '80', 'indirect_selection': 'eager', 'write_json': 'True', 'log_cache_events': 'False', 'partial_parse': 'True', 'cache_selected_only': 'False', 'profiles_dir': '/opt/airflow/dbt/profiles', 'fail_fast': 'False', 'debug': 'False', 'log_path': '/opt/airflow/dbt/logs', 'version_check': 'True', 'warn_error': 'None', 'use_colors': 'True', 'use_experimental_parser': 'False', 'empty': 'None', 'quiet': 'False', 'no_print': 'None', 'log_format': 'default', 'introspect': 'True', 'static_parser': 'True', 'warn_error_options': 'WarnErrorOptions(include=[], exclude=[])', 'target_path': 'None', 'invocation_command': 'dbt test', 'send_anonymous_usage_stats': 'True'}
[0m06:12:29.532034 [debug] [MainThread]: Sending event: {'category': 'dbt', 'action': 'project_id', 'label': '58aa9f12-7a1a-425d-986b-a383b87a32d7', 'context': [<snowplow_tracker.self_describing_json.SelfDescribingJson object at 0x7dfcd2821d90>]}
[0m06:12:29.584533 [debug] [MainThread]: Sending event: {'category': 'dbt', 'action': 'adapter_info', 'label': '58aa9f12-7a1a-425d-986b-a383b87a32d7', 'context': [<snowplow_tracker.self_describing_json.SelfDescribingJson object at 0x7dfcd38a3f80>]}
[0m06:12:29.586713 [info ] [MainThread]: Registered adapter: postgres=1.8.2
[0m06:12:29.690142 [debug] [MainThread]: checksum: 4af21dafb485259c48497ac86b711ddb1982f3d0f1c0ca4e09356de488b753c0, vars: {}, profile: , target: , version: 1.8.7
[0m06:12:29.873451 [debug] [MainThread]: Partial parsing enabled: 0 files deleted, 0 files added, 0 files changed.
[0m06:12:29.875221 [debug] [MainThread]: Partial parsing enabled, no changes found, skipping parsing
[0m06:12:29.927772 [debug] [MainThread]: Sending event: {'category': 'dbt', 'action': 'load_project', 'label': '58aa9f12-7a1a-425d-986b-a383b87a32d7', 'context': [<snowplow_tracker.self_describing_json.SelfDescribingJson object at 0x7dfcd1f8e6c0>]}
[0m06:12:30.093240 [debug] [MainThread]: Sending event: {'category': 'dbt', 'action': 'resource_counts', 'label': '58aa9f12-7a1a-425d-986b-a383b87a32d7', 'context': [<snowplow_tracker.self_describing_json.SelfDescribingJson object at 0x7dfcd0fb02c0>]}
[0m06:12:30.095076 [info ] [MainThread]: Found 2 models, 4 data tests, 1 source, 428 macros
[0m06:12:30.096688 [debug] [MainThread]: Sending event: {'category': 'dbt', 'action': 'runnable_timing', 'label': '58aa9f12-7a1a-425d-986b-a383b87a32d7', 'context': [<snowplow_tracker.self_describing_json.SelfDescribingJson object at 0x7dfcd13a3ec0>]}
[0m06:12:30.100360 [info ] [MainThread]: 
[0m06:12:30.102950 [debug] [MainThread]: Acquiring new postgres connection 'master'
[0m06:12:30.109109 [debug] [ThreadPool]: Acquiring new postgres connection 'list_analytics_public'
[0m06:12:30.158088 [debug] [ThreadPool]: Using postgres connection "list_analytics_public"
[0m06:12:30.159782 [debug] [ThreadPool]: On list_analytics_public: BEGIN
[0m06:12:30.161404 [debug] [ThreadPool]: Opening a new connection, currently in state init
[0m06:12:30.173570 [debug] [ThreadPool]: SQL status: BEGIN in 0.012 seconds
[0m06:12:30.174923 [debug] [ThreadPool]: Using postgres connection "list_analytics_public"
[0m06:12:30.175996 [debug] [ThreadPool]: On list_analytics_public: /* {"app": "dbt", "dbt_version": "1.8.7", "profile_name": "demo_project", "target_name": "dev", "connection_name": "list_analytics_public"} */
select
      'analytics' as database,
      tablename as name,
      schemaname as schema,
      'table' as type
    from pg_tables
    where schemaname ilike 'public'
    union all
    select
      'analytics' as database,
      viewname as name,
      schemaname as schema,
      'view' as type
    from pg_views
    where schemaname ilike 'public'
    union all
    select
      'analytics' as database,
      matviewname as name,
      schemaname as schema,
      'materialized_view' as type
    from pg_matviews
    where schemaname ilike 'public'
  
[0m06:12:30.180743 [debug] [ThreadPool]: SQL status: SELECT 3 in 0.004 seconds
[0m06:12:30.183786 [debug] [ThreadPool]: On list_analytics_public: ROLLBACK
[0m06:12:30.185168 [debug] [ThreadPool]: On list_analytics_public: Close
[0m06:12:30.192115 [debug] [MainThread]: Using postgres connection "master"
[0m06:12:30.193669 [debug] [MainThread]: On master: BEGIN
[0m06:12:30.194928 [debug] [MainThread]: Opening a new connection, currently in state init
[0m06:12:30.205890 [debug] [MainThread]: SQL status: BEGIN in 0.011 seconds
[0m06:12:30.207308 [debug] [MainThread]: Using postgres connection "master"
[0m06:12:30.208634 [debug] [MainThread]: On master: /* {"app": "dbt", "dbt_version": "1.8.7", "profile_name": "demo_project", "target_name": "dev", "connection_name": "master"} */
with relation as (
        select
            pg_rewrite.ev_class as class,
            pg_rewrite.oid as id
        from pg_rewrite
    ),
    class as (
        select
            oid as id,
            relname as name,
            relnamespace as schema,
            relkind as kind
        from pg_class
    ),
    dependency as (
        select distinct
            pg_depend.objid as id,
            pg_depend.refobjid as ref
        from pg_depend
    ),
    schema as (
        select
            pg_namespace.oid as id,
            pg_namespace.nspname as name
        from pg_namespace
        where nspname != 'information_schema' and nspname not like 'pg\_%'
    ),
    referenced as (
        select
            relation.id AS id,
            referenced_class.name ,
            referenced_class.schema ,
            referenced_class.kind
        from relation
        join class as referenced_class on relation.class=referenced_class.id
        where referenced_class.kind in ('r', 'v', 'm')
    ),
    relationships as (
        select
            referenced.name as referenced_name,
            referenced.schema as referenced_schema_id,
            dependent_class.name as dependent_name,
            dependent_class.schema as dependent_schema_id,
            referenced.kind as kind
        from referenced
        join dependency on referenced.id=dependency.id
        join class as dependent_class on dependency.ref=dependent_class.id
        where
            (referenced.name != dependent_class.name or
             referenced.schema != dependent_class.schema)
    )

    select
        referenced_schema.name as referenced_schema,
        relationships.referenced_name as referenced_name,
        dependent_schema.name as dependent_schema,
        relationships.dependent_name as dependent_name
    from relationships
    join schema as dependent_schema on relationships.dependent_schema_id=dependent_schema.id
    join schema as referenced_schema on relationships.referenced_schema_id=referenced_schema.id
    group by referenced_schema, referenced_name, dependent_schema, dependent_name
    order by referenced_schema, referenced_name, dependent_schema, dependent_name;
[0m06:12:30.215047 [debug] [MainThread]: SQL status: SELECT 0 in 0.005 seconds
[0m06:12:30.217935 [debug] [MainThread]: Sending event: {'category': 'dbt', 'action': 'runnable_timing', 'label': '58aa9f12-7a1a-425d-986b-a383b87a32d7', 'context': [<snowplow_tracker.self_describing_json.SelfDescribingJson object at 0x7dfcd0f88ce0>]}
[0m06:12:30.219634 [debug] [MainThread]: On master: ROLLBACK
[0m06:12:30.221141 [debug] [MainThread]: Using postgres connection "master"
[0m06:12:30.222358 [debug] [MainThread]: On master: BEGIN
[0m06:12:30.223816 [debug] [MainThread]: SQL status: BEGIN in 0.000 seconds
[0m06:12:30.224899 [debug] [MainThread]: On master: COMMIT
[0m06:12:30.225865 [debug] [MainThread]: Using postgres connection "master"
[0m06:12:30.226998 [debug] [MainThread]: On master: COMMIT
[0m06:12:30.228658 [debug] [MainThread]: SQL status: COMMIT in 0.000 seconds
[0m06:12:30.229745 [debug] [MainThread]: On master: Close
[0m06:12:30.231061 [info ] [MainThread]: Concurrency: 1 threads (target='dev')
[0m06:12:30.232539 [info ] [MainThread]: 
[0m06:12:30.244330 [debug] [Thread-1 (]: Began running node test.demo_project.not_null_fct_events_event_id.62d59fe27e
[0m06:12:30.245646 [info ] [Thread-1 (]: 1 of 4 START test not_null_fct_events_event_id ................................. [RUN]
[0m06:12:30.247051 [debug] [Thread-1 (]: Re-using an available connection from the pool (formerly list_analytics_public, now test.demo_project.not_null_fct_events_event_id.62d59fe27e)
[0m06:12:30.248180 [debug] [Thread-1 (]: Began compiling node test.demo_project.not_null_fct_events_event_id.62d59fe27e
[0m06:12:30.269116 [debug] [Thread-1 (]: Writing injected SQL for node "test.demo_project.not_null_fct_events_event_id.62d59fe27e"
[0m06:12:30.279850 [debug] [Thread-1 (]: Began executing node test.demo_project.not_null_fct_events_event_id.62d59fe27e
[0m06:12:30.299077 [debug] [Thread-1 (]: Writing runtime sql for node "test.demo_project.not_null_fct_events_event_id.62d59fe27e"
[0m06:12:30.308159 [debug] [Thread-1 (]: Using postgres connection "test.demo_project.not_null_fct_events_event_id.62d59fe27e"
[0m06:12:30.309233 [debug] [Thread-1 (]: On test.demo_project.not_null_fct_events_event_id.62d59fe27e: BEGIN
[0m06:12:30.310210 [debug] [Thread-1 (]: Opening a new connection, currently in state closed
[0m06:12:30.320394 [debug] [Thread-1 (]: SQL status: BEGIN in 0.010 seconds
[0m06:12:30.321610 [debug] [Thread-1 (]: Using postgres connection "test.demo_project.not_null_fct_events_event_id.62d59fe27e"
[0m06:12:30.322670 [debug] [Thread-1 (]: On test.demo_project.not_null_fct_events_event_id.62d59fe27e: /* {"app": "dbt", "dbt_version": "1.8.7", "profile_name": "demo_project", "target_name": "dev", "node_id": "test.demo_project.not_null_fct_events_event_id.62d59fe27e"} */
select
      count(*) as failures,
      count(*) != 0 as should_warn,
      count(*) != 0 as should_error
    from (
      
    
    



select event_id
from "analytics"."public"."fct_events"
where event_id is null



      
    ) dbt_internal_test
[0m06:12:30.324901 [debug] [Thread-1 (]: SQL status: SELECT 1 in 0.001 seconds
[0m06:12:30.330445 [debug] [Thread-1 (]: On test.demo_project.not_null_fct_events_event_id.62d59fe27e: ROLLBACK
[0m06:12:30.332243 [debug] [Thread-1 (]: On test.demo_project.not_null_fct_events_event_id.62d59fe27e: Close
[0m06:12:30.334100 [info ] [Thread-1 (]: 1 of 4 PASS not_null_fct_events_event_id ....................................... [[32mPASS[0m in 0.09s]
[0m06:12:30.336142 [debug] [Thread-1 (]: Finished running node test.demo_project.not_null_fct_events_event_id.62d59fe27e
[0m06:12:30.337698 [debug] [Thread-1 (]: Began running node test.demo_project.not_null_fct_events_occurred_at.a4f211de4a
[0m06:12:30.338971 [info ] [Thread-1 (]: 2 of 4 START test not_null_fct_events_occurred_at .............................. [RUN]
[0m06:12:30.340254 [debug] [Thread-1 (]: Re-using an available connection from the pool (formerly test.demo_project.not_null_fct_events_event_id.62d59fe27e, now test.demo_project.not_null_fct_events_occurred_at.a4f211de4a)
[0m06:12:30.341316 [debug] [Thread-1 (]: Began compiling node test.demo_project.not_null_fct_events_occurred_at.a4f211de4a
[0m06:12:30.346102 [debug] [Thread-1 (]: Writing injected SQL for node "test.demo_project.not_null_fct_events_occurred_at.a4f211de4a"
[0m06:12:30.354677 [debug] [Thread-1 (]: Began executing node test.demo_project.not_null_fct_events_occurred_at.a4f211de4a
[0m06:12:30.357969 [debug] [Thread-1 (]: Writing runtime sql for node "test.demo_project.not_null_fct_events_occurred_at.a4f211de4a"
[0m06:12:30.367929 [debug] [Thread-1 (]: Using postgres connection "test.demo_project.not_null_fct_events_occurred_at.a4f211de4a"
[0m06:12:30.369114 [debug] [Thread-1 (]: On test.demo_project.not_null_fct_events_occurred_at.a4f211de4a: BEGIN
[0m06:12:30.370217 [debug] [Thread-1 (]: Opening a new connection, currently in state closed
[0m06:12:30.379799 [debug] [Thread-1 (]: SQL status: BEGIN in 0.009 seconds
[0m06:12:30.381252 [debug] [Thread-1 (]: Using postgres connection "test.demo_project.not_null_fct_events_occurred_at.a4f211de4a"
[0m06:12:30.382385 [debug] [Thread-1 (]: On test.demo_project.not_null_fct_events_occurred_at.a4f211de4a: /* {"app": "dbt", "dbt_version": "1.8.7", "profile_name": "demo_project", "target_name": "dev", "node_id": "test.demo_project.not_null_fct_events_occurred_at.a4f211de4a"} */
select
      count(*) as failures,
      count(*) != 0 as should_warn,
      count(*) != 0 as should_error
    from (
      
    
    



select occurred_at
from "analytics"."public"."fct_events"
where occurred_at is null



      
    ) dbt_internal_test
[0m06:12:30.384556 [debug] [Thread-1 (]: SQL status: SELECT 1 in 0.001 seconds
[0m06:12:30.387284 [debug] [Thread-1 (]: On test.demo_project.not_null_fct_events_occurred_at.a4f211de4a: ROLLBACK
[0m06:12:30.388841 [debug] [Thread-1 (]: On test.demo_project.not_null_fct_events_occurred_at.a4f211de4a: Close
[0m06:12:30.390407 [info ] [Thread-1 (]: 2 of 4 PASS not_null_fct_events_occurred_at .................................... [[32mPASS[0m in 0.05s]
[0m06:12:30.392274 [debug] [Thread-1 (]: Finished running node test.demo_project.not_null_fct_events_occurred_at.a4f211de4a
[0m06:12:30.393604 [debug] [Thread-1 (]: Began running node test.demo_project.not_null_hello_dbt_message.d7182b8860
[0m06:12:30.395125 [info ] [Thread-1 (]: 3 of 4 START test not_null_hello_dbt_message ................................... [RUN]
[0m06:12:30.396597 [debug] [Thread-1 (]: Re-using an available connection from the pool (formerly test.demo_project.not_null_fct_events_occurred_at.a4f211de4a, now test.demo_project.not_null_hello_dbt_message.d7182b8860)
[0m06:12:30.397706 [debug] [Thread-1 (]: Began compiling node test.demo_project.not_null_hello_dbt_message.d7182b8860
[0m06:12:30.402780 [debug] [Thread-1 (]: Writing injected SQL for node "test.demo_project.not_null_hello_dbt_message.d7182b8860"
[0m06:12:30.412778 [debug] [Thread-1 (]: Began executing node test.demo_project.not_null_hello_dbt_message.d7182b8860
[0m06:12:30.415896 [debug] [Thread-1 (]: Writing runtime sql for node "test.demo_project.not_null_hello_dbt_message.d7182b8860"
[0m06:12:30.424104 [debug] [Thread-1 (]: Using postgres connection "test.demo_project.not_null_hello_dbt_message.d7182b8860"
[0m06:12:30.425591 [debug] [Thread-1 (]: On test.demo_project.not_null_hello_dbt_message.d7182b8860: BEGIN
[0m06:12:30.426907 [debug] [Thread-1 (]: Opening a new connection, currently in state closed
[0m06:12:30.436149 [debug] [Thread-1 (]: SQL status: BEGIN in 0.009 seconds
[0m06:12:30.437426 [debug] [Thread-1 (]: Using postgres connection "test.demo_project.not_null_hello_dbt_message.d7182b8860"
[0m06:12:30.438423 [debug] [Thread-1 (]: On test.demo_project.not_null_hello_dbt_message.d7182b8860: /* {"app": "dbt", "dbt_version": "1.8.7", "profile_name": "demo_project", "target_name": "dev", "node_id": "test.demo_project.not_null_hello_dbt_message.d7182b8860"} */
select
      count(*) as failures,
      count(*) != 0 as should_warn,
      count(*) != 0 as should_error
    from (
      
    
    



select message
from "analytics"."public"."hello_dbt"
where message is null



      
    ) dbt_internal_test
[0m06:12:30.440590 [debug] [Thread-1 (]: SQL status: SELECT 1 in 0.001 seconds
[0m06:12:30.443242 [debug] [Thread-1 (]: On test.demo_project.not_null_hello_dbt_message.d7182b8860: ROLLBACK
[0m06:12:30.444501 [debug] [Thread-1 (]: On test.demo_project.not_null_hello_dbt_message.d7182b8860: Close
[0m06:12:30.445895 [info ] [Thread-1 (]: 3 of 4 PASS not_null_hello_dbt_message ......................................... [[32mPASS[0m in 0.05s]
[0m06:12:30.447682 [debug] [Thread-1 (]: Finished running node test.demo_project.not_null_hello_dbt_message.d7182b8860
[0m06:12:30.449721 [debug] [Thread-1 (]: Began running node test.demo_project.unique_fct_events_event_id.355e3ede35
[0m06:12:30.451399 [info ] [Thread-1 (]: 4 of 4 START test unique_fct_events_event_id ................................... [RUN]
[0m06:12:30.452867 [debug] [Thread-1 (]: Re-using an available connection from the pool (formerly test.demo_project.not_null_hello_dbt_message.d7182b8860, now test.demo_project.unique_fct_events_event_id.355e3ede35)
[0m06:12:30.454260 [debug] [Thread-1 (]: Began compiling node test.demo_project.unique_fct_events_event_id.355e3ede35
[0m06:12:30.462520 [debug] [Thread-1 (]: Writing injected SQL for node "test.demo_project.unique_fct_events_event_id.355e3ede35"
[0m06:12:30.473827 [debug] [Thread-1 (]: Began executing node test.demo_project.unique_fct_events_event_id.355e3ede35
[0m06:12:30.477052 [debug] [Thread-1 (]: Writing runtime sql for node "test.demo_project.unique_fct_events_event_id.355e3ede35"
[0m06:12:30.484960 [debug] [Thread-1 (]: Using postgres connection "test.demo_project.unique_fct_events_event_id.355e3ede35"
[0m06:12:30.486450 [debug] [Thread-1 (]: On test.demo_project.unique_fct_events_event_id.355e3ede35: BEGIN
[0m06:12:30.487473 [debug] [Thread-1 (]: Opening a new connection, currently in state closed
[0m06:12:30.495842 [debug] [Thread-1 (]: SQL status: BEGIN in 0.008 seconds
[0m06:12:30.497427 [debug] [Thread-1 (]: Using postgres connection "test.demo_project.unique_fct_events_event_id.355e3ede35"
[0m06:12:30.498962 [debug] [Thread-1 (]: On test.demo_project.unique_fct_events_event_id.355e3ede35: /* {"app": "dbt", "dbt_version": "1.8.7", "profile_name": "demo_project", "target_name": "dev", "node_id": "test.demo_project.unique_fct_events_event_id.355e3ede35"} */
select
      count(*) as failures,
      count(*) != 0 as should_warn,
      count(*) != 0 as should_error
    from (
      
    
    

select
    event_id as unique_field,
    count(*) as n_records

from "analytics"."public"."fct_events"
where event_id is not null
group by event_id
having count(*) > 1



      
    ) dbt_internal_test
[0m06:12:30.501543 [debug] [Thread-1 (]: SQL status: SELECT 1 in 0.001 seconds
[0m06:12:30.504554 [debug] [Thread-1 (]: On test.demo_project.unique_fct_events_event_id.355e3ede35: ROLLBACK
[0m06:12:30.506022 [debug] [Thread-1 (]: On test.demo_project.unique_fct_events_event_id.355e3ede35: Close
[0m06:12:30.507664 [info ] [Thread-1 (]: 4 of 4 PASS unique_fct_events_event_id ......................................... [[32mPASS[0m in 0.05s]
[0m06:12:30.509313 [debug] [Thread-1 (]: Finished running node test.demo_project.unique_fct_events_event_id.355e3ede35
[0m06:12:30.511934 [debug] [MainThread]: Using postgres connection "master"
[0m06:12:30.512944 [debug] [MainThread]: On master: BEGIN
[0m06:12:30.513823 [debug] [MainThread]: Opening a new connection, currently in state closed
[0m06:12:30.522633 [debug] [MainThread]: SQL status: BEGIN in 0.009 seconds
[0m06:12:30.523920 [debug] [MainThread]: On master: COMMIT
[0m06:12:30.524818 [debug] [MainThread]: Using postgres connection "master"
[0m06:12:30.525986 [debug] [MainThread]: On master: COMMIT
[0m06:12:30.527331 [debug] [MainThread]: SQL status: COMMIT in 0.000 seconds
[0m06:12:30.528355 [debug] [MainThread]: On master: Close
[0m06:12:30.529482 [debug] [MainThread]: Connection 'master' was properly closed.
[0m06:12:30.530458 [debug] [MainThread]: Connection 'test.demo_project.unique_fct_events_event_id.355e3ede35' was properly closed.
[0m06:12:30.531860 [info ] [MainThread]: 
[0m06:12:30.533312 [info ] [MainThread]: Finished running 4 data tests in 0 hours 0 minutes and 0.43 seconds (0.43s).
[0m06:12:30.535452 [debug] [MainThread]: Command end result
[0m06:12:30.593025 [info ] [MainThread]: 
[0m06:12:30.595017 [info ] [MainThread]: [32mCompleted successfully[0m
[0m06:12:30.596219 [info ] [MainThread]: 
[0m06:12:30.597330 [info ] [MainThread]: Done. PASS=4 WARN=0 ERROR=0 SKIP=0 TOTAL=4
[0m06:12:30.599283 [debug] [MainThread]: Resource report: {"command_name": "test", "command_success": true, "command_wall_clock_time": 1.3266357, "process_user_time": 2.834094, "process_kernel_time": 0.348201, "process_mem_max_rss": "157852", "process_in_blocks": "0", "process_out_blocks": "0"}
[0m06:12:30.600860 [debug] [MainThread]: Command `dbt test` succeeded at 06:12:30.600666 after 1.33 seconds
[0m06:12:30.602060 [debug] [MainThread]: Sending event: {'category': 'dbt', 'action': 'invocation', 'label': 'end', 'context': [<snowplow_tracker.self_describing_json.SelfDescribingJson object at 0x7dfcd3424530>, <snowplow_tracker.self_describing_json.SelfDescribingJson object at 0x7dfcd2ef2db0>, <snowplow_tracker.self_describing_json.SelfDescribingJson object at 0x7dfcd3c54e90>]}
[0m06:12:30.603162 [debug] [MainThread]: Flushing usage events
[0m17:59:17.297647 [debug] [MainThread]: Sending event: {'category': 'dbt', 'action': 'invocation', 'label': 'start', 'context': [<snowplow_tracker.self_describing_json.SelfDescribingJson object at 0x7c7d72299d00>, <snowplow_tracker.self_describing_json.SelfDescribingJson object at 0x7c7d731fcc80>, <snowplow_tracker.self_describing_json.SelfDescribingJson object at 0x7c7d7229b7d0>]}


============================== 17:59:17.330623 | a8548025-77fb-4002-96f8-e37496f18b41 ==============================
[0m17:59:17.330623 [info ] [MainThread]: Running with dbt=1.8.7
[0m17:59:17.331989 [debug] [MainThread]: running dbt with arguments {'printer_width': '80', 'indirect_selection': 'eager', 'write_json': 'True', 'log_cache_events': 'False', 'partial_parse': 'True', 'cache_selected_only': 'False', 'profiles_dir': '/opt/airflow/dbt/profiles', 'fail_fast': 'False', 'version_check': 'True', 'log_path': '/opt/airflow/dbt/logs', 'debug': 'False', 'warn_error': 'None', 'use_colors': 'True', 'use_experimental_parser': 'False', 'no_print': 'None', 'quiet': 'False', 'empty': 'None', 'warn_error_options': 'WarnErrorOptions(include=[], exclude=[])', 'static_parser': 'True', 'introspect': 'True', 'invocation_command': 'dbt debug', 'target_path': 'None', 'log_format': 'default', 'send_anonymous_usage_stats': 'True'}
[0m17:59:17.371553 [info ] [MainThread]: dbt version: 1.8.7
[0m17:59:17.373369 [info ] [MainThread]: python version: 3.12.4
[0m17:59:17.375151 [info ] [MainThread]: python path: /home/airflow/.local/bin/python
[0m17:59:17.376355 [info ] [MainThread]: os info: Linux-6.6.87.2-microsoft-standard-WSL2-x86_64-with-glibc2.36
[0m17:59:17.474916 [info ] [MainThread]: Using profiles dir at /opt/airflow/dbt/profiles
[0m17:59:17.476546 [info ] [MainThread]: Using profiles.yml file at /opt/airflow/dbt/profiles/profiles.yml
[0m17:59:17.478274 [info ] [MainThread]: Using dbt_project.yml file at /opt/airflow/dbt/dbt_project.yml
[0m17:59:17.480156 [info ] [MainThread]: adapter type: postgres
[0m17:59:17.481315 [info ] [MainThread]: adapter version: 1.8.2
[0m17:59:17.576770 [info ] [MainThread]: Configuration:
[0m17:59:17.578427 [info ] [MainThread]:   profiles.yml file [[32mOK found and valid[0m]
[0m17:59:17.579857 [info ] [MainThread]:   dbt_project.yml file [[32mOK found and valid[0m]
[0m17:59:17.581258 [info ] [MainThread]: Required dependencies:
[0m17:59:17.582440 [debug] [MainThread]: Executing "git --help"
[0m17:59:17.587904 [debug] [MainThread]: STDOUT: "b"usage: git [-v | --version] [-h | --help] [-C <path>] [-c <name>=<value>]\n           [--exec-path[=<path>]] [--html-path] [--man-path] [--info-path]\n           [-p | --paginate | -P | --no-pager] [--no-replace-objects] [--bare]\n           [--git-dir=<path>] [--work-tree=<path>] [--namespace=<name>]\n           [--super-prefix=<path>] [--config-env=<name>=<envvar>]\n           <command> [<args>]\n\nThese are common Git commands used in various situations:\n\nstart a working area (see also: git help tutorial)\n   clone     Clone a repository into a new directory\n   init      Create an empty Git repository or reinitialize an existing one\n\nwork on the current change (see also: git help everyday)\n   add       Add file contents to the index\n   mv        Move or rename a file, a directory, or a symlink\n   restore   Restore working tree files\n   rm        Remove files from the working tree and from the index\n\nexamine the history and state (see also: git help revisions)\n   bisect    Use binary search to find the commit that introduced a bug\n   diff      Show changes between commits, commit and working tree, etc\n   grep      Print lines matching a pattern\n   log       Show commit logs\n   show      Show various types of objects\n   status    Show the working tree status\n\ngrow, mark and tweak your common history\n   branch    List, create, or delete branches\n   commit    Record changes to the repository\n   merge     Join two or more development histories together\n   rebase    Reapply commits on top of another base tip\n   reset     Reset current HEAD to the specified state\n   switch    Switch branches\n   tag       Create, list, delete or verify a tag object signed with GPG\n\ncollaborate (see also: git help workflows)\n   fetch     Download objects and refs from another repository\n   pull      Fetch from and integrate with another repository or a local branch\n   push      Update remote refs along with associated objects\n\n'git help -a' and 'git help -g' list available subcommands and some\nconcept guides. See 'git help <command>' or 'git help <concept>'\nto read about a specific subcommand or concept.\nSee 'git help git' for an overview of the system.\n""
[0m17:59:17.589140 [debug] [MainThread]: STDERR: "b''"
[0m17:59:17.590116 [info ] [MainThread]:  - git [[32mOK found[0m]

[0m17:59:17.591093 [info ] [MainThread]: Connection:
[0m17:59:17.592057 [info ] [MainThread]:   host: postgres
[0m17:59:17.592973 [info ] [MainThread]:   port: 5432
[0m17:59:17.593854 [info ] [MainThread]:   user: airflow
[0m17:59:17.594820 [info ] [MainThread]:   database: analytics
[0m17:59:17.595711 [info ] [MainThread]:   schema: public
[0m17:59:17.596495 [info ] [MainThread]:   connect_timeout: 10
[0m17:59:17.597364 [info ] [MainThread]:   role: None
[0m17:59:17.598659 [info ] [MainThread]:   search_path: None
[0m17:59:17.599642 [info ] [MainThread]:   keepalives_idle: 0
[0m17:59:17.600403 [info ] [MainThread]:   sslmode: None
[0m17:59:17.601182 [info ] [MainThread]:   sslcert: None
[0m17:59:17.602083 [info ] [MainThread]:   sslkey: None
[0m17:59:17.602951 [info ] [MainThread]:   sslrootcert: None
[0m17:59:17.603750 [info ] [MainThread]:   application_name: dbt
[0m17:59:17.604611 [info ] [MainThread]:   retries: 1
[0m17:59:17.605557 [info ] [MainThread]: Registered adapter: postgres=1.8.2
[0m17:59:17.677664 [debug] [MainThread]: Acquiring new postgres connection 'debug'
[0m17:59:17.716861 [debug] [MainThread]: Using postgres connection "debug"
[0m17:59:17.718310 [debug] [MainThread]: On debug: select 1 as id
[0m17:59:17.720141 [debug] [MainThread]: Opening a new connection, currently in state init
[0m17:59:17.729174 [debug] [MainThread]: SQL status: SELECT 1 in 0.009 seconds
[0m17:59:17.730862 [debug] [MainThread]: On debug: Close
[0m17:59:17.732035 [info ] [MainThread]:   Connection test: [[32mOK connection ok[0m]

[0m17:59:17.733209 [info ] [MainThread]: [32mAll checks passed![0m
[0m17:59:17.735710 [debug] [MainThread]: Resource report: {"command_name": "debug", "command_success": true, "command_wall_clock_time": 0.63154286, "process_user_time": 3.030073, "process_kernel_time": 0.394263, "process_mem_max_rss": "158016", "process_out_blocks": "4944", "process_in_blocks": "0"}
[0m17:59:17.736977 [debug] [MainThread]: Command `dbt debug` succeeded at 17:59:17.736860 after 0.63 seconds
[0m17:59:17.737848 [debug] [MainThread]: Connection 'debug' was properly closed.
[0m17:59:17.738790 [debug] [MainThread]: Sending event: {'category': 'dbt', 'action': 'invocation', 'label': 'end', 'context': [<snowplow_tracker.self_describing_json.SelfDescribingJson object at 0x7c7d731fcc80>, <snowplow_tracker.self_describing_json.SelfDescribingJson object at 0x7c7d722675f0>, <snowplow_tracker.self_describing_json.SelfDescribingJson object at 0x7c7d71db1430>]}
[0m17:59:17.739853 [debug] [MainThread]: Flushing usage events
[0m17:59:21.598298 [debug] [MainThread]: Sending event: {'category': 'dbt', 'action': 'invocation', 'label': 'start', 'context': [<snowplow_tracker.self_describing_json.SelfDescribingJson object at 0x7222a90fffb0>, <snowplow_tracker.self_describing_json.SelfDescribingJson object at 0x7222a95e8aa0>, <snowplow_tracker.self_describing_json.SelfDescribingJson object at 0x7222a947eff0>]}


============================== 17:59:21.604589 | a6c69523-6d05-4cd8-b40e-51b3ffdc2f36 ==============================
[0m17:59:21.604589 [info ] [MainThread]: Running with dbt=1.8.7
[0m17:59:21.605577 [debug] [MainThread]: running dbt with arguments {'printer_width': '80', 'indirect_selection': 'eager', 'write_json': 'True', 'log_cache_events': 'False', 'partial_parse': 'True', 'cache_selected_only': 'False', 'warn_error': 'None', 'debug': 'False', 'version_check': 'True', 'log_path': '/opt/airflow/dbt/logs', 'fail_fast': 'False', 'profiles_dir': '/opt/airflow/dbt/profiles', 'use_colors': 'True', 'use_experimental_parser': 'False', 'no_print': 'None', 'quiet': 'False', 'empty': 'False', 'warn_error_options': 'WarnErrorOptions(include=[], exclude=[])', 'static_parser': 'True', 'invocation_command': 'dbt run', 'introspect': 'True', 'target_path': 'None', 'log_format': 'default', 'send_anonymous_usage_stats': 'True'}
[0m17:59:21.789940 [debug] [MainThread]: Sending event: {'category': 'dbt', 'action': 'project_id', 'label': 'a6c69523-6d05-4cd8-b40e-51b3ffdc2f36', 'context': [<snowplow_tracker.self_describing_json.SelfDescribingJson object at 0x7222aa1028a0>]}
[0m17:59:21.840981 [debug] [MainThread]: Sending event: {'category': 'dbt', 'action': 'adapter_info', 'label': 'a6c69523-6d05-4cd8-b40e-51b3ffdc2f36', 'context': [<snowplow_tracker.self_describing_json.SelfDescribingJson object at 0x7222a8acb410>]}
[0m17:59:21.842727 [info ] [MainThread]: Registered adapter: postgres=1.8.2
[0m17:59:21.936803 [debug] [MainThread]: checksum: 4af21dafb485259c48497ac86b711ddb1982f3d0f1c0ca4e09356de488b753c0, vars: {}, profile: , target: , version: 1.8.7
[0m17:59:22.233461 [debug] [MainThread]: Partial parsing enabled: 0 files deleted, 2 files added, 1 files changed.
[0m17:59:22.235092 [debug] [MainThread]: Partial parsing: added file: demo_project://models/dim_event_types.sql
[0m17:59:22.236408 [debug] [MainThread]: Partial parsing: added file: demo_project://models/fct_events_enriched.sql
[0m17:59:22.237443 [debug] [MainThread]: Partial parsing: updated file: demo_project://models/schema.yml
[0m17:59:22.479255 [warn ] [MainThread]: [[33mWARNING[0m]: Deprecated functionality
The `tests` config has been renamed to `data_tests`. Please see
https://docs.getdbt.com/docs/build/data-tests#new-data_tests-syntax for more
information.
[0m17:59:22.480917 [debug] [MainThread]: Sending event: {'category': 'dbt', 'action': 'deprecation', 'label': 'a6c69523-6d05-4cd8-b40e-51b3ffdc2f36', 'property_': 'warn', 'context': [<snowplow_tracker.self_describing_json.SelfDescribingJson object at 0x7222a902bd70>]}
[0m17:59:22.672002 [debug] [MainThread]: Sending event: {'category': 'dbt', 'action': 'load_project', 'label': 'a6c69523-6d05-4cd8-b40e-51b3ffdc2f36', 'context': [<snowplow_tracker.self_describing_json.SelfDescribingJson object at 0x7222a7bd7260>]}
[0m17:59:22.866474 [debug] [MainThread]: Sending event: {'category': 'dbt', 'action': 'resource_counts', 'label': 'a6c69523-6d05-4cd8-b40e-51b3ffdc2f36', 'context': [<snowplow_tracker.self_describing_json.SelfDescribingJson object at 0x7222a9cc16d0>]}
[0m17:59:22.868192 [info ] [MainThread]: Found 4 models, 12 data tests, 1 source, 428 macros
[0m17:59:22.869706 [debug] [MainThread]: Sending event: {'category': 'dbt', 'action': 'runnable_timing', 'label': 'a6c69523-6d05-4cd8-b40e-51b3ffdc2f36', 'context': [<snowplow_tracker.self_describing_json.SelfDescribingJson object at 0x7222a7fa05f0>]}
[0m17:59:22.873099 [info ] [MainThread]: 
[0m17:59:22.875310 [debug] [MainThread]: Acquiring new postgres connection 'master'
[0m17:59:22.881729 [debug] [ThreadPool]: Acquiring new postgres connection 'list_analytics'
[0m17:59:22.917757 [debug] [ThreadPool]: Using postgres connection "list_analytics"
[0m17:59:22.919507 [debug] [ThreadPool]: On list_analytics: /* {"app": "dbt", "dbt_version": "1.8.7", "profile_name": "demo_project", "target_name": "dev", "connection_name": "list_analytics"} */

    select distinct nspname from pg_namespace
  
[0m17:59:22.920815 [debug] [ThreadPool]: Opening a new connection, currently in state init
[0m17:59:22.930188 [debug] [ThreadPool]: SQL status: SELECT 4 in 0.009 seconds
[0m17:59:22.932561 [debug] [ThreadPool]: On list_analytics: Close
[0m17:59:22.936058 [debug] [ThreadPool]: Re-using an available connection from the pool (formerly list_analytics, now list_analytics_public)
[0m17:59:22.942740 [debug] [ThreadPool]: Using postgres connection "list_analytics_public"
[0m17:59:22.944235 [debug] [ThreadPool]: On list_analytics_public: BEGIN
[0m17:59:22.945528 [debug] [ThreadPool]: Opening a new connection, currently in state closed
[0m17:59:22.954325 [debug] [ThreadPool]: SQL status: BEGIN in 0.009 seconds
[0m17:59:22.955603 [debug] [ThreadPool]: Using postgres connection "list_analytics_public"
[0m17:59:22.956674 [debug] [ThreadPool]: On list_analytics_public: /* {"app": "dbt", "dbt_version": "1.8.7", "profile_name": "demo_project", "target_name": "dev", "connection_name": "list_analytics_public"} */
select
      'analytics' as database,
      tablename as name,
      schemaname as schema,
      'table' as type
    from pg_tables
    where schemaname ilike 'public'
    union all
    select
      'analytics' as database,
      viewname as name,
      schemaname as schema,
      'view' as type
    from pg_views
    where schemaname ilike 'public'
    union all
    select
      'analytics' as database,
      matviewname as name,
      schemaname as schema,
      'materialized_view' as type
    from pg_matviews
    where schemaname ilike 'public'
  
[0m17:59:22.961269 [debug] [ThreadPool]: SQL status: SELECT 1 in 0.004 seconds
[0m17:59:22.964376 [debug] [ThreadPool]: On list_analytics_public: ROLLBACK
[0m17:59:22.966139 [debug] [ThreadPool]: On list_analytics_public: Close
[0m17:59:22.971107 [debug] [MainThread]: Using postgres connection "master"
[0m17:59:22.972284 [debug] [MainThread]: On master: BEGIN
[0m17:59:22.973271 [debug] [MainThread]: Opening a new connection, currently in state init
[0m17:59:22.981377 [debug] [MainThread]: SQL status: BEGIN in 0.008 seconds
[0m17:59:22.982349 [debug] [MainThread]: Using postgres connection "master"
[0m17:59:22.983367 [debug] [MainThread]: On master: /* {"app": "dbt", "dbt_version": "1.8.7", "profile_name": "demo_project", "target_name": "dev", "connection_name": "master"} */
with relation as (
        select
            pg_rewrite.ev_class as class,
            pg_rewrite.oid as id
        from pg_rewrite
    ),
    class as (
        select
            oid as id,
            relname as name,
            relnamespace as schema,
            relkind as kind
        from pg_class
    ),
    dependency as (
        select distinct
            pg_depend.objid as id,
            pg_depend.refobjid as ref
        from pg_depend
    ),
    schema as (
        select
            pg_namespace.oid as id,
            pg_namespace.nspname as name
        from pg_namespace
        where nspname != 'information_schema' and nspname not like 'pg\_%'
    ),
    referenced as (
        select
            relation.id AS id,
            referenced_class.name ,
            referenced_class.schema ,
            referenced_class.kind
        from relation
        join class as referenced_class on relation.class=referenced_class.id
        where referenced_class.kind in ('r', 'v', 'm')
    ),
    relationships as (
        select
            referenced.name as referenced_name,
            referenced.schema as referenced_schema_id,
            dependent_class.name as dependent_name,
            dependent_class.schema as dependent_schema_id,
            referenced.kind as kind
        from referenced
        join dependency on referenced.id=dependency.id
        join class as dependent_class on dependency.ref=dependent_class.id
        where
            (referenced.name != dependent_class.name or
             referenced.schema != dependent_class.schema)
    )

    select
        referenced_schema.name as referenced_schema,
        relationships.referenced_name as referenced_name,
        dependent_schema.name as dependent_schema,
        relationships.dependent_name as dependent_name
    from relationships
    join schema as dependent_schema on relationships.dependent_schema_id=dependent_schema.id
    join schema as referenced_schema on relationships.referenced_schema_id=referenced_schema.id
    group by referenced_schema, referenced_name, dependent_schema, dependent_name
    order by referenced_schema, referenced_name, dependent_schema, dependent_name;
[0m17:59:22.987369 [debug] [MainThread]: SQL status: SELECT 0 in 0.003 seconds
[0m17:59:22.989405 [debug] [MainThread]: Sending event: {'category': 'dbt', 'action': 'runnable_timing', 'label': 'a6c69523-6d05-4cd8-b40e-51b3ffdc2f36', 'context': [<snowplow_tracker.self_describing_json.SelfDescribingJson object at 0x7222a770be00>]}
[0m17:59:22.990488 [debug] [MainThread]: On master: ROLLBACK
[0m17:59:22.991828 [debug] [MainThread]: Using postgres connection "master"
[0m17:59:22.992803 [debug] [MainThread]: On master: BEGIN
[0m17:59:22.995837 [debug] [MainThread]: SQL status: BEGIN in 0.001 seconds
[0m17:59:22.997228 [debug] [MainThread]: On master: COMMIT
[0m17:59:22.998498 [debug] [MainThread]: Using postgres connection "master"
[0m17:59:22.999529 [debug] [MainThread]: On master: COMMIT
[0m17:59:23.000572 [debug] [MainThread]: SQL status: COMMIT in 0.000 seconds
[0m17:59:23.001441 [debug] [MainThread]: On master: Close
[0m17:59:23.002560 [info ] [MainThread]: Concurrency: 1 threads (target='dev')
[0m17:59:23.003698 [info ] [MainThread]: 
[0m17:59:23.013131 [debug] [Thread-1 (]: Began running node model.demo_project.dim_event_types
[0m17:59:23.014382 [info ] [Thread-1 (]: 1 of 4 START sql table model public.dim_event_types ............................ [RUN]
[0m17:59:23.015567 [debug] [Thread-1 (]: Re-using an available connection from the pool (formerly list_analytics_public, now model.demo_project.dim_event_types)
[0m17:59:23.016486 [debug] [Thread-1 (]: Began compiling node model.demo_project.dim_event_types
[0m17:59:23.024255 [debug] [Thread-1 (]: Writing injected SQL for node "model.demo_project.dim_event_types"
[0m17:59:23.030959 [debug] [Thread-1 (]: Began executing node model.demo_project.dim_event_types
[0m17:59:23.073137 [debug] [Thread-1 (]: Writing runtime sql for node "model.demo_project.dim_event_types"
[0m17:59:23.081000 [debug] [Thread-1 (]: Using postgres connection "model.demo_project.dim_event_types"
[0m17:59:23.082083 [debug] [Thread-1 (]: On model.demo_project.dim_event_types: BEGIN
[0m17:59:23.082935 [debug] [Thread-1 (]: Opening a new connection, currently in state closed
[0m17:59:23.093164 [debug] [Thread-1 (]: SQL status: BEGIN in 0.010 seconds
[0m17:59:23.094495 [debug] [Thread-1 (]: Using postgres connection "model.demo_project.dim_event_types"
[0m17:59:23.095645 [debug] [Thread-1 (]: On model.demo_project.dim_event_types: /* {"app": "dbt", "dbt_version": "1.8.7", "profile_name": "demo_project", "target_name": "dev", "node_id": "model.demo_project.dim_event_types"} */

  
    

  create  table "analytics"."public"."dim_event_types__dbt_tmp"
  
  
    as
  
  (
    

select distinct
    event_type,
    initcap(replace(event_type, '_', ' ')) as event_type_label
from "analytics"."public"."raw_events"
  );
  
[0m17:59:23.103679 [debug] [Thread-1 (]: SQL status: SELECT 1 in 0.007 seconds
[0m17:59:23.110201 [debug] [Thread-1 (]: Using postgres connection "model.demo_project.dim_event_types"
[0m17:59:23.111457 [debug] [Thread-1 (]: On model.demo_project.dim_event_types: /* {"app": "dbt", "dbt_version": "1.8.7", "profile_name": "demo_project", "target_name": "dev", "node_id": "model.demo_project.dim_event_types"} */
alter table "analytics"."public"."dim_event_types__dbt_tmp" rename to "dim_event_types"
[0m17:59:23.112927 [debug] [Thread-1 (]: SQL status: ALTER TABLE in 0.000 seconds
[0m17:59:23.134372 [debug] [Thread-1 (]: On model.demo_project.dim_event_types: COMMIT
[0m17:59:23.135909 [debug] [Thread-1 (]: Using postgres connection "model.demo_project.dim_event_types"
[0m17:59:23.137317 [debug] [Thread-1 (]: On model.demo_project.dim_event_types: COMMIT
[0m17:59:23.141300 [debug] [Thread-1 (]: SQL status: COMMIT in 0.003 seconds
[0m17:59:23.148192 [debug] [Thread-1 (]: Applying DROP to: "analytics"."public"."dim_event_types__dbt_backup"
[0m17:59:23.154534 [debug] [Thread-1 (]: Using postgres connection "model.demo_project.dim_event_types"
[0m17:59:23.155897 [debug] [Thread-1 (]: On model.demo_project.dim_event_types: /* {"app": "dbt", "dbt_version": "1.8.7", "profile_name": "demo_project", "target_name": "dev", "node_id": "model.demo_project.dim_event_types"} */
drop table if exists "analytics"."public"."dim_event_types__dbt_backup" cascade
[0m17:59:23.158237 [debug] [Thread-1 (]: SQL status: DROP TABLE in 0.001 seconds
[0m17:59:23.162645 [debug] [Thread-1 (]: On model.demo_project.dim_event_types: Close
[0m17:59:23.165603 [debug] [Thread-1 (]: Sending event: {'category': 'dbt', 'action': 'run_model', 'label': 'a6c69523-6d05-4cd8-b40e-51b3ffdc2f36', 'context': [<snowplow_tracker.self_describing_json.SelfDescribingJson object at 0x7222a9cc2a20>]}
[0m17:59:23.167484 [info ] [Thread-1 (]: 1 of 4 OK created sql table model public.dim_event_types ....................... [[32mSELECT 1[0m in 0.15s]
[0m17:59:23.169119 [debug] [Thread-1 (]: Finished running node model.demo_project.dim_event_types
[0m17:59:23.170329 [debug] [Thread-1 (]: Began running node model.demo_project.fct_events
[0m17:59:23.171613 [info ] [Thread-1 (]: 2 of 4 START sql incremental model public.fct_events ........................... [RUN]
[0m17:59:23.172713 [debug] [Thread-1 (]: Re-using an available connection from the pool (formerly model.demo_project.dim_event_types, now model.demo_project.fct_events)
[0m17:59:23.173626 [debug] [Thread-1 (]: Began compiling node model.demo_project.fct_events
[0m17:59:23.177556 [debug] [Thread-1 (]: Writing injected SQL for node "model.demo_project.fct_events"
[0m17:59:23.197090 [debug] [Thread-1 (]: Began executing node model.demo_project.fct_events
[0m17:59:23.238487 [debug] [Thread-1 (]: Writing runtime sql for node "model.demo_project.fct_events"
[0m17:59:23.259267 [debug] [Thread-1 (]: Using postgres connection "model.demo_project.fct_events"
[0m17:59:23.260576 [debug] [Thread-1 (]: On model.demo_project.fct_events: BEGIN
[0m17:59:23.262078 [debug] [Thread-1 (]: Opening a new connection, currently in state closed
[0m17:59:23.271753 [debug] [Thread-1 (]: SQL status: BEGIN in 0.010 seconds
[0m17:59:23.273023 [debug] [Thread-1 (]: Using postgres connection "model.demo_project.fct_events"
[0m17:59:23.274165 [debug] [Thread-1 (]: On model.demo_project.fct_events: /* {"app": "dbt", "dbt_version": "1.8.7", "profile_name": "demo_project", "target_name": "dev", "node_id": "model.demo_project.fct_events"} */

      
  
    

  create  table "analytics"."public"."fct_events"
  
  
    as
  
  (
    

select
    event_id,
    event_type,
    occurred_at
from "analytics"."public"."raw_events"


  );
  
  
[0m17:59:23.280269 [debug] [Thread-1 (]: SQL status: SELECT 3 in 0.005 seconds
[0m17:59:23.282852 [debug] [Thread-1 (]: On model.demo_project.fct_events: COMMIT
[0m17:59:23.283906 [debug] [Thread-1 (]: Using postgres connection "model.demo_project.fct_events"
[0m17:59:23.284875 [debug] [Thread-1 (]: On model.demo_project.fct_events: COMMIT
[0m17:59:23.287382 [debug] [Thread-1 (]: SQL status: COMMIT in 0.001 seconds
[0m17:59:23.289001 [debug] [Thread-1 (]: On model.demo_project.fct_events: Close
[0m17:59:23.290357 [debug] [Thread-1 (]: Sending event: {'category': 'dbt', 'action': 'run_model', 'label': 'a6c69523-6d05-4cd8-b40e-51b3ffdc2f36', 'context': [<snowplow_tracker.self_describing_json.SelfDescribingJson object at 0x7222a77c6a50>]}
[0m17:59:23.291883 [info ] [Thread-1 (]: 2 of 4 OK created sql incremental model public.fct_events ...................... [[32mSELECT 3[0m in 0.12s]
[0m17:59:23.293215 [debug] [Thread-1 (]: Finished running node model.demo_project.fct_events
[0m17:59:23.294652 [debug] [Thread-1 (]: Began running node model.demo_project.hello_dbt
[0m17:59:23.296206 [info ] [Thread-1 (]: 3 of 4 START sql table model public.hello_dbt .................................. [RUN]
[0m17:59:23.297508 [debug] [Thread-1 (]: Re-using an available connection from the pool (formerly model.demo_project.fct_events, now model.demo_project.hello_dbt)
[0m17:59:23.298746 [debug] [Thread-1 (]: Began compiling node model.demo_project.hello_dbt
[0m17:59:23.301177 [debug] [Thread-1 (]: Writing injected SQL for node "model.demo_project.hello_dbt"
[0m17:59:23.326432 [debug] [Thread-1 (]: Began executing node model.demo_project.hello_dbt
[0m17:59:23.332798 [debug] [Thread-1 (]: Writing runtime sql for node "model.demo_project.hello_dbt"
[0m17:59:23.361753 [debug] [Thread-1 (]: Using postgres connection "model.demo_project.hello_dbt"
[0m17:59:23.363646 [debug] [Thread-1 (]: On model.demo_project.hello_dbt: BEGIN
[0m17:59:23.365293 [debug] [Thread-1 (]: Opening a new connection, currently in state closed
[0m17:59:23.377516 [debug] [Thread-1 (]: SQL status: BEGIN in 0.012 seconds
[0m17:59:23.379036 [debug] [Thread-1 (]: Using postgres connection "model.demo_project.hello_dbt"
[0m17:59:23.380492 [debug] [Thread-1 (]: On model.demo_project.hello_dbt: /* {"app": "dbt", "dbt_version": "1.8.7", "profile_name": "demo_project", "target_name": "dev", "node_id": "model.demo_project.hello_dbt"} */

  
    

  create  table "analytics"."public"."hello_dbt__dbt_tmp"
  
  
    as
  
  (
    select
    'hello from dbt running in Docker Desktop' as message,
    current_timestamp as generated_at
  );
  
[0m17:59:23.388323 [debug] [Thread-1 (]: SQL status: SELECT 1 in 0.006 seconds
[0m17:59:23.392490 [debug] [Thread-1 (]: Using postgres connection "model.demo_project.hello_dbt"
[0m17:59:23.393886 [debug] [Thread-1 (]: On model.demo_project.hello_dbt: /* {"app": "dbt", "dbt_version": "1.8.7", "profile_name": "demo_project", "target_name": "dev", "node_id": "model.demo_project.hello_dbt"} */
alter table "analytics"."public"."hello_dbt__dbt_tmp" rename to "hello_dbt"
[0m17:59:23.395694 [debug] [Thread-1 (]: SQL status: ALTER TABLE in 0.000 seconds
[0m17:59:23.398645 [debug] [Thread-1 (]: On model.demo_project.hello_dbt: COMMIT
[0m17:59:23.400486 [debug] [Thread-1 (]: Using postgres connection "model.demo_project.hello_dbt"
[0m17:59:23.401987 [debug] [Thread-1 (]: On model.demo_project.hello_dbt: COMMIT
[0m17:59:23.406631 [debug] [Thread-1 (]: SQL status: COMMIT in 0.003 seconds
[0m17:59:23.411487 [debug] [Thread-1 (]: Applying DROP to: "analytics"."public"."hello_dbt__dbt_backup"
[0m17:59:23.413478 [debug] [Thread-1 (]: Using postgres connection "model.demo_project.hello_dbt"
[0m17:59:23.415436 [debug] [Thread-1 (]: On model.demo_project.hello_dbt: /* {"app": "dbt", "dbt_version": "1.8.7", "profile_name": "demo_project", "target_name": "dev", "node_id": "model.demo_project.hello_dbt"} */
drop table if exists "analytics"."public"."hello_dbt__dbt_backup" cascade
[0m17:59:23.417459 [debug] [Thread-1 (]: SQL status: DROP TABLE in 0.000 seconds
[0m17:59:23.420072 [debug] [Thread-1 (]: On model.demo_project.hello_dbt: Close
[0m17:59:23.421828 [debug] [Thread-1 (]: Sending event: {'category': 'dbt', 'action': 'run_model', 'label': 'a6c69523-6d05-4cd8-b40e-51b3ffdc2f36', 'context': [<snowplow_tracker.self_describing_json.SelfDescribingJson object at 0x7222a5047ec0>]}
[0m17:59:23.423722 [info ] [Thread-1 (]: 3 of 4 OK created sql table model public.hello_dbt ............................. [[32mSELECT 1[0m in 0.12s]
[0m17:59:23.425626 [debug] [Thread-1 (]: Finished running node model.demo_project.hello_dbt
[0m17:59:23.427299 [debug] [Thread-1 (]: Began running node model.demo_project.fct_events_enriched
[0m17:59:23.428750 [info ] [Thread-1 (]: 4 of 4 START sql incremental model public.fct_events_enriched .................. [RUN]
[0m17:59:23.430604 [debug] [Thread-1 (]: Re-using an available connection from the pool (formerly model.demo_project.hello_dbt, now model.demo_project.fct_events_enriched)
[0m17:59:23.432165 [debug] [Thread-1 (]: Began compiling node model.demo_project.fct_events_enriched
[0m17:59:23.436948 [debug] [Thread-1 (]: Writing injected SQL for node "model.demo_project.fct_events_enriched"
[0m17:59:23.446637 [debug] [Thread-1 (]: Began executing node model.demo_project.fct_events_enriched
[0m17:59:23.451805 [debug] [Thread-1 (]: Writing runtime sql for node "model.demo_project.fct_events_enriched"
[0m17:59:23.462822 [debug] [Thread-1 (]: Using postgres connection "model.demo_project.fct_events_enriched"
[0m17:59:23.464425 [debug] [Thread-1 (]: On model.demo_project.fct_events_enriched: BEGIN
[0m17:59:23.465874 [debug] [Thread-1 (]: Opening a new connection, currently in state closed
[0m17:59:23.476833 [debug] [Thread-1 (]: SQL status: BEGIN in 0.011 seconds
[0m17:59:23.478303 [debug] [Thread-1 (]: Using postgres connection "model.demo_project.fct_events_enriched"
[0m17:59:23.479604 [debug] [Thread-1 (]: On model.demo_project.fct_events_enriched: /* {"app": "dbt", "dbt_version": "1.8.7", "profile_name": "demo_project", "target_name": "dev", "node_id": "model.demo_project.fct_events_enriched"} */

      
  
    

  create  table "analytics"."public"."fct_events_enriched"
  
  
    as
  
  (
    

select
    events.event_id,
    events.event_type,
    types.event_type_label,
    events.occurred_at
from "analytics"."public"."fct_events" as events
left join "analytics"."public"."dim_event_types" as types
    on events.event_type = types.event_type


  );
  
  
[0m17:59:23.486228 [debug] [Thread-1 (]: SQL status: SELECT 3 in 0.005 seconds
[0m17:59:23.490179 [debug] [Thread-1 (]: On model.demo_project.fct_events_enriched: COMMIT
[0m17:59:23.491785 [debug] [Thread-1 (]: Using postgres connection "model.demo_project.fct_events_enriched"
[0m17:59:23.493107 [debug] [Thread-1 (]: On model.demo_project.fct_events_enriched: COMMIT
[0m17:59:23.495722 [debug] [Thread-1 (]: SQL status: COMMIT in 0.001 seconds
[0m17:59:23.497341 [debug] [Thread-1 (]: On model.demo_project.fct_events_enriched: Close
[0m17:59:23.498549 [debug] [Thread-1 (]: Sending event: {'category': 'dbt', 'action': 'run_model', 'label': 'a6c69523-6d05-4cd8-b40e-51b3ffdc2f36', 'context': [<snowplow_tracker.self_describing_json.SelfDescribingJson object at 0x7222a51b4ec0>]}
[0m17:59:23.499867 [info ] [Thread-1 (]: 4 of 4 OK created sql incremental model public.fct_events_enriched ............. [[32mSELECT 3[0m in 0.07s]
[0m17:59:23.501330 [debug] [Thread-1 (]: Finished running node model.demo_project.fct_events_enriched
[0m17:59:23.503453 [debug] [MainThread]: Using postgres connection "master"
[0m17:59:23.504382 [debug] [MainThread]: On master: BEGIN
[0m17:59:23.505572 [debug] [MainThread]: Opening a new connection, currently in state closed
[0m17:59:23.513561 [debug] [MainThread]: SQL status: BEGIN in 0.008 seconds
[0m17:59:23.514725 [debug] [MainThread]: On master: COMMIT
[0m17:59:23.515690 [debug] [MainThread]: Using postgres connection "master"
[0m17:59:23.516583 [debug] [MainThread]: On master: COMMIT
[0m17:59:23.517515 [debug] [MainThread]: SQL status: COMMIT in 0.000 seconds
[0m17:59:23.518476 [debug] [MainThread]: On master: Close
[0m17:59:23.519410 [debug] [MainThread]: Connection 'master' was properly closed.
[0m17:59:23.520697 [debug] [MainThread]: Connection 'model.demo_project.fct_events_enriched' was properly closed.
[0m17:59:23.521844 [info ] [MainThread]: 
[0m17:59:23.522861 [info ] [MainThread]: Finished running 2 table models, 2 incremental models in 0 hours 0 minutes and 0.65 seconds (0.65s).
[0m17:59:23.524227 [debug] [MainThread]: Command end result
[0m17:59:23.579206 [info ] [MainThread]: 
[0m17:59:23.581095 [info ] [MainThread]: [32mCompleted successfully[0m
[0m17:59:23.582571 [info ] [MainThread]: 
[0m17:59:23.583719 [info ] [MainThread]: Done. PASS=4 WARN=0 ERROR=0 SKIP=0 TOTAL=4
[0m17:59:23.585432 [debug] [MainThread]: Resource report: {"command_name": "run", "command_success": true, "command_wall_clock_time": 2.06047, "process_user_time": 3.722454, "process_kernel_time": 0.299046, "process_mem_max_rss": "158020", "process_in_blocks": "0", "process_out_blocks": "0"}
[0m17:59:23.586864 [debug] [MainThread]: Command `dbt run` succeeded at 17:59:23.586738 after 2.06 seconds
[0m17:59:23.587993 [debug] [MainThread]: Sending event: {'category': 'dbt', 'action': 'invocation', 'label': 'end', 'context': [<snowplow_tracker.self_describing_json.SelfDescribingJson object at 0x7222a9416a20>, <snowplow_tracker.self_describing_json.SelfDescribingJson object at 0x7222a973f170>, <snowplow_tracker.self_describing_json.SelfDescribingJson object at 0x7222a98ce0c0>]}
[0m17:59:23.589349 [debug] [MainThread]: Flushing usage events
[0m17:59:30.941332 [debug] [MainThread]: Sending event: {'category': 'dbt', 'action': 'invocation', 'label': 'start', 'context': [<snowplow_tracker.self_describing_json.SelfDescribingJson object at 0x753115b3a780>, <snowplow_tracker.self_describing_json.SelfDescribingJson object at 0x753116e88530>, <snowplow_tracker.self_describing_json.SelfDescribingJson object at 0x753115648aa0>]}


============================== 17:59:30.949736 | a5e0c093-35e3-4795-aadc-1ad5b1593093 ==============================
[0m17:59:30.949736 [info ] [MainThread]: Running with dbt=1.8.7
[0m17:59:30.951219 [debug] [MainThread]: running dbt with arguments {'printer_width': '80', 'indirect_selection': 'eager', 'write_json': 'True', 'log_cache_events': 'False', 'partial_parse': 'True', 'cache_selected_only': 'False', 'profiles_dir': '/opt/airflow/dbt/profiles', 'version_check': 'True', 'warn_error': 'None', 'log_path': '/opt/airflow/dbt/logs', 'debug': 'False', 'fail_fast': 'False', 'use_colors': 'True', 'use_experimental_parser': 'False', 'empty': 'None', 'quiet': 'False', 'no_print': 'None', 'log_format': 'default', 'static_parser': 'True', 'introspect': 'True', 'invocation_command': 'dbt test', 'target_path': 'None', 'warn_error_options': 'WarnErrorOptions(include=[], exclude=[])', 'send_anonymous_usage_stats': 'True'}
[0m17:59:31.147761 [debug] [MainThread]: Sending event: {'category': 'dbt', 'action': 'project_id', 'label': 'a5e0c093-35e3-4795-aadc-1ad5b1593093', 'context': [<snowplow_tracker.self_describing_json.SelfDescribingJson object at 0x753116271190>]}
[0m17:59:31.203267 [debug] [MainThread]: Sending event: {'category': 'dbt', 'action': 'adapter_info', 'label': 'a5e0c093-35e3-4795-aadc-1ad5b1593093', 'context': [<snowplow_tracker.self_describing_json.SelfDescribingJson object at 0x753116b65af0>]}
[0m17:59:31.205272 [info ] [MainThread]: Registered adapter: postgres=1.8.2
[0m17:59:31.277529 [debug] [MainThread]: checksum: 4af21dafb485259c48497ac86b711ddb1982f3d0f1c0ca4e09356de488b753c0, vars: {}, profile: , target: , version: 1.8.7
[0m17:59:31.466244 [debug] [MainThread]: Partial parsing enabled: 0 files deleted, 0 files added, 0 files changed.
[0m17:59:31.467298 [debug] [MainThread]: Partial parsing enabled, no changes found, skipping parsing
[0m17:59:31.513160 [debug] [MainThread]: Sending event: {'category': 'dbt', 'action': 'load_project', 'label': 'a5e0c093-35e3-4795-aadc-1ad5b1593093', 'context': [<snowplow_tracker.self_describing_json.SelfDescribingJson object at 0x75311495c980>]}
[0m17:59:31.651178 [debug] [MainThread]: Sending event: {'category': 'dbt', 'action': 'resource_counts', 'label': 'a5e0c093-35e3-4795-aadc-1ad5b1593093', 'context': [<snowplow_tracker.self_describing_json.SelfDescribingJson object at 0x7531139d6570>]}
[0m17:59:31.652545 [info ] [MainThread]: Found 4 models, 12 data tests, 1 source, 428 macros
[0m17:59:31.653733 [debug] [MainThread]: Sending event: {'category': 'dbt', 'action': 'runnable_timing', 'label': 'a5e0c093-35e3-4795-aadc-1ad5b1593093', 'context': [<snowplow_tracker.self_describing_json.SelfDescribingJson object at 0x7531141221e0>]}
[0m17:59:31.657903 [info ] [MainThread]: 
[0m17:59:31.659750 [debug] [MainThread]: Acquiring new postgres connection 'master'
[0m17:59:31.665482 [debug] [ThreadPool]: Acquiring new postgres connection 'list_analytics_public'
[0m17:59:31.709932 [debug] [ThreadPool]: Using postgres connection "list_analytics_public"
[0m17:59:31.711090 [debug] [ThreadPool]: On list_analytics_public: BEGIN
[0m17:59:31.712159 [debug] [ThreadPool]: Opening a new connection, currently in state init
[0m17:59:31.722396 [debug] [ThreadPool]: SQL status: BEGIN in 0.010 seconds
[0m17:59:31.723537 [debug] [ThreadPool]: Using postgres connection "list_analytics_public"
[0m17:59:31.724541 [debug] [ThreadPool]: On list_analytics_public: /* {"app": "dbt", "dbt_version": "1.8.7", "profile_name": "demo_project", "target_name": "dev", "connection_name": "list_analytics_public"} */
select
      'analytics' as database,
      tablename as name,
      schemaname as schema,
      'table' as type
    from pg_tables
    where schemaname ilike 'public'
    union all
    select
      'analytics' as database,
      viewname as name,
      schemaname as schema,
      'view' as type
    from pg_views
    where schemaname ilike 'public'
    union all
    select
      'analytics' as database,
      matviewname as name,
      schemaname as schema,
      'materialized_view' as type
    from pg_matviews
    where schemaname ilike 'public'
  
[0m17:59:31.729234 [debug] [ThreadPool]: SQL status: SELECT 5 in 0.003 seconds
[0m17:59:31.731971 [debug] [ThreadPool]: On list_analytics_public: ROLLBACK
[0m17:59:31.733220 [debug] [ThreadPool]: On list_analytics_public: Close
[0m17:59:31.738952 [debug] [MainThread]: Using postgres connection "master"
[0m17:59:31.739970 [debug] [MainThread]: On master: BEGIN
[0m17:59:31.740834 [debug] [MainThread]: Opening a new connection, currently in state init
[0m17:59:31.748596 [debug] [MainThread]: SQL status: BEGIN in 0.008 seconds
[0m17:59:31.749711 [debug] [MainThread]: Using postgres connection "master"
[0m17:59:31.750630 [debug] [MainThread]: On master: /* {"app": "dbt", "dbt_version": "1.8.7", "profile_name": "demo_project", "target_name": "dev", "connection_name": "master"} */
with relation as (
        select
            pg_rewrite.ev_class as class,
            pg_rewrite.oid as id
        from pg_rewrite
    ),
    class as (
        select
            oid as id,
            relname as name,
            relnamespace as schema,
            relkind as kind
        from pg_class
    ),
    dependency as (
        select distinct
            pg_depend.objid as id,
            pg_depend.refobjid as ref
        from pg_depend
    ),
    schema as (
        select
            pg_namespace.oid as id,
            pg_namespace.nspname as name
        from pg_namespace
        where nspname != 'information_schema' and nspname not like 'pg\_%'
    ),
    referenced as (
        select
            relation.id AS id,
            referenced_class.name ,
            referenced_class.schema ,
            referenced_class.kind
        from relation
        join class as referenced_class on relation.class=referenced_class.id
        where referenced_class.kind in ('r', 'v', 'm')
    ),
    relationships as (
        select
            referenced.name as referenced_name,
            referenced.schema as referenced_schema_id,
            dependent_class.name as dependent_name,
            dependent_class.schema as dependent_schema_id,
            referenced.kind as kind
        from referenced
        join dependency on referenced.id=dependency.id
        join class as dependent_class on dependency.ref=dependent_class.id
        where
            (referenced.name != dependent_class.name or
             referenced.schema != dependent_class.schema)
    )

    select
        referenced_schema.name as referenced_schema,
        relationships.referenced_name as referenced_name,
        dependent_schema.name as dependent_schema,
        relationships.dependent_name as dependent_name
    from relationships
    join schema as dependent_schema on relationships.dependent_schema_id=dependent_schema.id
    join schema as referenced_schema on relationships.referenced_schema_id=referenced_schema.id
    group by referenced_schema, referenced_name, dependent_schema, dependent_name
    order by referenced_schema, referenced_name, dependent_schema, dependent_name;
[0m17:59:31.754822 [debug] [MainThread]: SQL status: SELECT 0 in 0.003 seconds
[0m17:59:31.756969 [debug] [MainThread]: Sending event: {'category': 'dbt', 'action': 'runnable_timing', 'label': 'a5e0c093-35e3-4795-aadc-1ad5b1593093', 'context': [<snowplow_tracker.self_describing_json.SelfDescribingJson object at 0x753113dcfad0>]}
[0m17:59:31.758035 [debug] [MainThread]: On master: ROLLBACK
[0m17:59:31.759080 [debug] [MainThread]: Using postgres connection "master"
[0m17:59:31.759920 [debug] [MainThread]: On master: BEGIN
[0m17:59:31.761803 [debug] [MainThread]: SQL status: BEGIN in 0.000 seconds
[0m17:59:31.762879 [debug] [MainThread]: On master: COMMIT
[0m17:59:31.763809 [debug] [MainThread]: Using postgres connection "master"
[0m17:59:31.764700 [debug] [MainThread]: On master: COMMIT
[0m17:59:31.765649 [debug] [MainThread]: SQL status: COMMIT in 0.000 seconds
[0m17:59:31.766436 [debug] [MainThread]: On master: Close
[0m17:59:31.767402 [info ] [MainThread]: Concurrency: 1 threads (target='dev')
[0m17:59:31.768406 [info ] [MainThread]: 
[0m17:59:31.779084 [debug] [Thread-1 (]: Began running node test.demo_project.not_null_dim_event_types_event_type.3d37fe4460
[0m17:59:31.780232 [info ] [Thread-1 (]: 1 of 12 START test not_null_dim_event_types_event_type ......................... [RUN]
[0m17:59:31.781262 [debug] [Thread-1 (]: Re-using an available connection from the pool (formerly list_analytics_public, now test.demo_project.not_null_dim_event_types_event_type.3d37fe4460)
[0m17:59:31.782156 [debug] [Thread-1 (]: Began compiling node test.demo_project.not_null_dim_event_types_event_type.3d37fe4460
[0m17:59:31.797679 [debug] [Thread-1 (]: Writing injected SQL for node "test.demo_project.not_null_dim_event_types_event_type.3d37fe4460"
[0m17:59:31.808715 [debug] [Thread-1 (]: Began executing node test.demo_project.not_null_dim_event_types_event_type.3d37fe4460
[0m17:59:31.825941 [debug] [Thread-1 (]: Writing runtime sql for node "test.demo_project.not_null_dim_event_types_event_type.3d37fe4460"
[0m17:59:31.835496 [debug] [Thread-1 (]: Using postgres connection "test.demo_project.not_null_dim_event_types_event_type.3d37fe4460"
[0m17:59:31.838075 [debug] [Thread-1 (]: On test.demo_project.not_null_dim_event_types_event_type.3d37fe4460: BEGIN
[0m17:59:31.839222 [debug] [Thread-1 (]: Opening a new connection, currently in state closed
[0m17:59:31.848012 [debug] [Thread-1 (]: SQL status: BEGIN in 0.009 seconds
[0m17:59:31.849414 [debug] [Thread-1 (]: Using postgres connection "test.demo_project.not_null_dim_event_types_event_type.3d37fe4460"
[0m17:59:31.850963 [debug] [Thread-1 (]: On test.demo_project.not_null_dim_event_types_event_type.3d37fe4460: /* {"app": "dbt", "dbt_version": "1.8.7", "profile_name": "demo_project", "target_name": "dev", "node_id": "test.demo_project.not_null_dim_event_types_event_type.3d37fe4460"} */
select
      count(*) as failures,
      count(*) != 0 as should_warn,
      count(*) != 0 as should_error
    from (
      
    
    



select event_type
from "analytics"."public"."dim_event_types"
where event_type is null



      
    ) dbt_internal_test
[0m17:59:31.853641 [debug] [Thread-1 (]: SQL status: SELECT 1 in 0.001 seconds
[0m17:59:31.859004 [debug] [Thread-1 (]: On test.demo_project.not_null_dim_event_types_event_type.3d37fe4460: ROLLBACK
[0m17:59:31.860439 [debug] [Thread-1 (]: On test.demo_project.not_null_dim_event_types_event_type.3d37fe4460: Close
[0m17:59:31.861874 [info ] [Thread-1 (]: 1 of 12 PASS not_null_dim_event_types_event_type ............................... [[32mPASS[0m in 0.08s]
[0m17:59:31.863484 [debug] [Thread-1 (]: Finished running node test.demo_project.not_null_dim_event_types_event_type.3d37fe4460
[0m17:59:31.873125 [debug] [Thread-1 (]: Began running node test.demo_project.not_null_dim_event_types_event_type_label.56e80c7159
[0m17:59:31.874662 [info ] [Thread-1 (]: 2 of 12 START test not_null_dim_event_types_event_type_label ................... [RUN]
[0m17:59:31.876491 [debug] [Thread-1 (]: Re-using an available connection from the pool (formerly test.demo_project.not_null_dim_event_types_event_type.3d37fe4460, now test.demo_project.not_null_dim_event_types_event_type_label.56e80c7159)
[0m17:59:31.878688 [debug] [Thread-1 (]: Began compiling node test.demo_project.not_null_dim_event_types_event_type_label.56e80c7159
[0m17:59:31.883825 [debug] [Thread-1 (]: Writing injected SQL for node "test.demo_project.not_null_dim_event_types_event_type_label.56e80c7159"
[0m17:59:31.892777 [debug] [Thread-1 (]: Began executing node test.demo_project.not_null_dim_event_types_event_type_label.56e80c7159
[0m17:59:31.895747 [debug] [Thread-1 (]: Writing runtime sql for node "test.demo_project.not_null_dim_event_types_event_type_label.56e80c7159"
[0m17:59:31.903443 [debug] [Thread-1 (]: Using postgres connection "test.demo_project.not_null_dim_event_types_event_type_label.56e80c7159"
[0m17:59:31.904530 [debug] [Thread-1 (]: On test.demo_project.not_null_dim_event_types_event_type_label.56e80c7159: BEGIN
[0m17:59:31.905545 [debug] [Thread-1 (]: Opening a new connection, currently in state closed
[0m17:59:31.914174 [debug] [Thread-1 (]: SQL status: BEGIN in 0.009 seconds
[0m17:59:31.915293 [debug] [Thread-1 (]: Using postgres connection "test.demo_project.not_null_dim_event_types_event_type_label.56e80c7159"
[0m17:59:31.916141 [debug] [Thread-1 (]: On test.demo_project.not_null_dim_event_types_event_type_label.56e80c7159: /* {"app": "dbt", "dbt_version": "1.8.7", "profile_name": "demo_project", "target_name": "dev", "node_id": "test.demo_project.not_null_dim_event_types_event_type_label.56e80c7159"} */
select
      count(*) as failures,
      count(*) != 0 as should_warn,
      count(*) != 0 as should_error
    from (
      
    
    



select event_type_label
from "analytics"."public"."dim_event_types"
where event_type_label is null



      
    ) dbt_internal_test
[0m17:59:31.917810 [debug] [Thread-1 (]: SQL status: SELECT 1 in 0.001 seconds
[0m17:59:31.919765 [debug] [Thread-1 (]: On test.demo_project.not_null_dim_event_types_event_type_label.56e80c7159: ROLLBACK
[0m17:59:31.920908 [debug] [Thread-1 (]: On test.demo_project.not_null_dim_event_types_event_type_label.56e80c7159: Close
[0m17:59:31.922136 [info ] [Thread-1 (]: 2 of 12 PASS not_null_dim_event_types_event_type_label ......................... [[32mPASS[0m in 0.05s]
[0m17:59:31.923639 [debug] [Thread-1 (]: Finished running node test.demo_project.not_null_dim_event_types_event_type_label.56e80c7159
[0m17:59:31.924671 [debug] [Thread-1 (]: Began running node test.demo_project.not_null_fct_events_enriched_event_id.fe5b63d652
[0m17:59:31.925657 [info ] [Thread-1 (]: 3 of 12 START test not_null_fct_events_enriched_event_id ....................... [RUN]
[0m17:59:31.926916 [debug] [Thread-1 (]: Re-using an available connection from the pool (formerly test.demo_project.not_null_dim_event_types_event_type_label.56e80c7159, now test.demo_project.not_null_fct_events_enriched_event_id.fe5b63d652)
[0m17:59:31.927985 [debug] [Thread-1 (]: Began compiling node test.demo_project.not_null_fct_events_enriched_event_id.fe5b63d652
[0m17:59:31.931775 [debug] [Thread-1 (]: Writing injected SQL for node "test.demo_project.not_null_fct_events_enriched_event_id.fe5b63d652"
[0m17:59:31.938937 [debug] [Thread-1 (]: Began executing node test.demo_project.not_null_fct_events_enriched_event_id.fe5b63d652
[0m17:59:31.943449 [debug] [Thread-1 (]: Writing runtime sql for node "test.demo_project.not_null_fct_events_enriched_event_id.fe5b63d652"
[0m17:59:31.951241 [debug] [Thread-1 (]: Using postgres connection "test.demo_project.not_null_fct_events_enriched_event_id.fe5b63d652"
[0m17:59:31.952470 [debug] [Thread-1 (]: On test.demo_project.not_null_fct_events_enriched_event_id.fe5b63d652: BEGIN
[0m17:59:31.953781 [debug] [Thread-1 (]: Opening a new connection, currently in state closed
[0m17:59:31.963011 [debug] [Thread-1 (]: SQL status: BEGIN in 0.009 seconds
[0m17:59:31.964192 [debug] [Thread-1 (]: Using postgres connection "test.demo_project.not_null_fct_events_enriched_event_id.fe5b63d652"
[0m17:59:31.965269 [debug] [Thread-1 (]: On test.demo_project.not_null_fct_events_enriched_event_id.fe5b63d652: /* {"app": "dbt", "dbt_version": "1.8.7", "profile_name": "demo_project", "target_name": "dev", "node_id": "test.demo_project.not_null_fct_events_enriched_event_id.fe5b63d652"} */
select
      count(*) as failures,
      count(*) != 0 as should_warn,
      count(*) != 0 as should_error
    from (
      
    
    



select event_id
from "analytics"."public"."fct_events_enriched"
where event_id is null



      
    ) dbt_internal_test
[0m17:59:31.966973 [debug] [Thread-1 (]: SQL status: SELECT 1 in 0.001 seconds
[0m17:59:31.969420 [debug] [Thread-1 (]: On test.demo_project.not_null_fct_events_enriched_event_id.fe5b63d652: ROLLBACK
[0m17:59:31.970701 [debug] [Thread-1 (]: On test.demo_project.not_null_fct_events_enriched_event_id.fe5b63d652: Close
[0m17:59:31.972492 [info ] [Thread-1 (]: 3 of 12 PASS not_null_fct_events_enriched_event_id ............................. [[32mPASS[0m in 0.05s]
[0m17:59:31.974107 [debug] [Thread-1 (]: Finished running node test.demo_project.not_null_fct_events_enriched_event_id.fe5b63d652
[0m17:59:31.975226 [debug] [Thread-1 (]: Began running node test.demo_project.not_null_fct_events_enriched_event_type.5eabce7c5a
[0m17:59:31.976205 [info ] [Thread-1 (]: 4 of 12 START test not_null_fct_events_enriched_event_type ..................... [RUN]
[0m17:59:31.977270 [debug] [Thread-1 (]: Re-using an available connection from the pool (formerly test.demo_project.not_null_fct_events_enriched_event_id.fe5b63d652, now test.demo_project.not_null_fct_events_enriched_event_type.5eabce7c5a)
[0m17:59:31.978139 [debug] [Thread-1 (]: Began compiling node test.demo_project.not_null_fct_events_enriched_event_type.5eabce7c5a
[0m17:59:31.982433 [debug] [Thread-1 (]: Writing injected SQL for node "test.demo_project.not_null_fct_events_enriched_event_type.5eabce7c5a"
[0m17:59:31.990780 [debug] [Thread-1 (]: Began executing node test.demo_project.not_null_fct_events_enriched_event_type.5eabce7c5a
[0m17:59:31.994872 [debug] [Thread-1 (]: Writing runtime sql for node "test.demo_project.not_null_fct_events_enriched_event_type.5eabce7c5a"
[0m17:59:32.003366 [debug] [Thread-1 (]: Using postgres connection "test.demo_project.not_null_fct_events_enriched_event_type.5eabce7c5a"
[0m17:59:32.004652 [debug] [Thread-1 (]: On test.demo_project.not_null_fct_events_enriched_event_type.5eabce7c5a: BEGIN
[0m17:59:32.005670 [debug] [Thread-1 (]: Opening a new connection, currently in state closed
[0m17:59:32.014546 [debug] [Thread-1 (]: SQL status: BEGIN in 0.009 seconds
[0m17:59:32.016297 [debug] [Thread-1 (]: Using postgres connection "test.demo_project.not_null_fct_events_enriched_event_type.5eabce7c5a"
[0m17:59:32.018032 [debug] [Thread-1 (]: On test.demo_project.not_null_fct_events_enriched_event_type.5eabce7c5a: /* {"app": "dbt", "dbt_version": "1.8.7", "profile_name": "demo_project", "target_name": "dev", "node_id": "test.demo_project.not_null_fct_events_enriched_event_type.5eabce7c5a"} */
select
      count(*) as failures,
      count(*) != 0 as should_warn,
      count(*) != 0 as should_error
    from (
      
    
    



select event_type
from "analytics"."public"."fct_events_enriched"
where event_type is null



      
    ) dbt_internal_test
[0m17:59:32.020169 [debug] [Thread-1 (]: SQL status: SELECT 1 in 0.001 seconds
[0m17:59:32.022349 [debug] [Thread-1 (]: On test.demo_project.not_null_fct_events_enriched_event_type.5eabce7c5a: ROLLBACK
[0m17:59:32.023498 [debug] [Thread-1 (]: On test.demo_project.not_null_fct_events_enriched_event_type.5eabce7c5a: Close
[0m17:59:32.024821 [info ] [Thread-1 (]: 4 of 12 PASS not_null_fct_events_enriched_event_type ........................... [[32mPASS[0m in 0.05s]
[0m17:59:32.026395 [debug] [Thread-1 (]: Finished running node test.demo_project.not_null_fct_events_enriched_event_type.5eabce7c5a
[0m17:59:32.027512 [debug] [Thread-1 (]: Began running node test.demo_project.not_null_fct_events_enriched_event_type_label.b68120b610
[0m17:59:32.028470 [info ] [Thread-1 (]: 5 of 12 START test not_null_fct_events_enriched_event_type_label ............... [RUN]
[0m17:59:32.029501 [debug] [Thread-1 (]: Re-using an available connection from the pool (formerly test.demo_project.not_null_fct_events_enriched_event_type.5eabce7c5a, now test.demo_project.not_null_fct_events_enriched_event_type_label.b68120b610)
[0m17:59:32.030365 [debug] [Thread-1 (]: Began compiling node test.demo_project.not_null_fct_events_enriched_event_type_label.b68120b610
[0m17:59:32.034799 [debug] [Thread-1 (]: Writing injected SQL for node "test.demo_project.not_null_fct_events_enriched_event_type_label.b68120b610"
[0m17:59:32.041598 [debug] [Thread-1 (]: Began executing node test.demo_project.not_null_fct_events_enriched_event_type_label.b68120b610
[0m17:59:32.044266 [debug] [Thread-1 (]: Writing runtime sql for node "test.demo_project.not_null_fct_events_enriched_event_type_label.b68120b610"
[0m17:59:32.051763 [debug] [Thread-1 (]: Using postgres connection "test.demo_project.not_null_fct_events_enriched_event_type_label.b68120b610"
[0m17:59:32.052867 [debug] [Thread-1 (]: On test.demo_project.not_null_fct_events_enriched_event_type_label.b68120b610: BEGIN
[0m17:59:32.053884 [debug] [Thread-1 (]: Opening a new connection, currently in state closed
[0m17:59:32.061874 [debug] [Thread-1 (]: SQL status: BEGIN in 0.008 seconds
[0m17:59:32.063336 [debug] [Thread-1 (]: Using postgres connection "test.demo_project.not_null_fct_events_enriched_event_type_label.b68120b610"
[0m17:59:32.064347 [debug] [Thread-1 (]: On test.demo_project.not_null_fct_events_enriched_event_type_label.b68120b610: /* {"app": "dbt", "dbt_version": "1.8.7", "profile_name": "demo_project", "target_name": "dev", "node_id": "test.demo_project.not_null_fct_events_enriched_event_type_label.b68120b610"} */
select
      count(*) as failures,
      count(*) != 0 as should_warn,
      count(*) != 0 as should_error
    from (
      
    
    



select event_type_label
from "analytics"."public"."fct_events_enriched"
where event_type_label is null



      
    ) dbt_internal_test
[0m17:59:32.066210 [debug] [Thread-1 (]: SQL status: SELECT 1 in 0.001 seconds
[0m17:59:32.068377 [debug] [Thread-1 (]: On test.demo_project.not_null_fct_events_enriched_event_type_label.b68120b610: ROLLBACK
[0m17:59:32.069584 [debug] [Thread-1 (]: On test.demo_project.not_null_fct_events_enriched_event_type_label.b68120b610: Close
[0m17:59:32.070783 [info ] [Thread-1 (]: 5 of 12 PASS not_null_fct_events_enriched_event_type_label ..................... [[32mPASS[0m in 0.04s]
[0m17:59:32.072241 [debug] [Thread-1 (]: Finished running node test.demo_project.not_null_fct_events_enriched_event_type_label.b68120b610
[0m17:59:32.073306 [debug] [Thread-1 (]: Began running node test.demo_project.not_null_fct_events_enriched_occurred_at.1aa725670c
[0m17:59:32.074274 [info ] [Thread-1 (]: 6 of 12 START test not_null_fct_events_enriched_occurred_at .................... [RUN]
[0m17:59:32.075370 [debug] [Thread-1 (]: Re-using an available connection from the pool (formerly test.demo_project.not_null_fct_events_enriched_event_type_label.b68120b610, now test.demo_project.not_null_fct_events_enriched_occurred_at.1aa725670c)
[0m17:59:32.076285 [debug] [Thread-1 (]: Began compiling node test.demo_project.not_null_fct_events_enriched_occurred_at.1aa725670c
[0m17:59:32.080935 [debug] [Thread-1 (]: Writing injected SQL for node "test.demo_project.not_null_fct_events_enriched_occurred_at.1aa725670c"
[0m17:59:32.089082 [debug] [Thread-1 (]: Began executing node test.demo_project.not_null_fct_events_enriched_occurred_at.1aa725670c
[0m17:59:32.092428 [debug] [Thread-1 (]: Writing runtime sql for node "test.demo_project.not_null_fct_events_enriched_occurred_at.1aa725670c"
[0m17:59:32.102395 [debug] [Thread-1 (]: Using postgres connection "test.demo_project.not_null_fct_events_enriched_occurred_at.1aa725670c"
[0m17:59:32.103575 [debug] [Thread-1 (]: On test.demo_project.not_null_fct_events_enriched_occurred_at.1aa725670c: BEGIN
[0m17:59:32.104588 [debug] [Thread-1 (]: Opening a new connection, currently in state closed
[0m17:59:32.113375 [debug] [Thread-1 (]: SQL status: BEGIN in 0.009 seconds
[0m17:59:32.114506 [debug] [Thread-1 (]: Using postgres connection "test.demo_project.not_null_fct_events_enriched_occurred_at.1aa725670c"
[0m17:59:32.115576 [debug] [Thread-1 (]: On test.demo_project.not_null_fct_events_enriched_occurred_at.1aa725670c: /* {"app": "dbt", "dbt_version": "1.8.7", "profile_name": "demo_project", "target_name": "dev", "node_id": "test.demo_project.not_null_fct_events_enriched_occurred_at.1aa725670c"} */
select
      count(*) as failures,
      count(*) != 0 as should_warn,
      count(*) != 0 as should_error
    from (
      
    
    



select occurred_at
from "analytics"."public"."fct_events_enriched"
where occurred_at is null



      
    ) dbt_internal_test
[0m17:59:32.117543 [debug] [Thread-1 (]: SQL status: SELECT 1 in 0.001 seconds
[0m17:59:32.119857 [debug] [Thread-1 (]: On test.demo_project.not_null_fct_events_enriched_occurred_at.1aa725670c: ROLLBACK
[0m17:59:32.121224 [debug] [Thread-1 (]: On test.demo_project.not_null_fct_events_enriched_occurred_at.1aa725670c: Close
[0m17:59:32.122797 [info ] [Thread-1 (]: 6 of 12 PASS not_null_fct_events_enriched_occurred_at .......................... [[32mPASS[0m in 0.05s]
[0m17:59:32.124909 [debug] [Thread-1 (]: Finished running node test.demo_project.not_null_fct_events_enriched_occurred_at.1aa725670c
[0m17:59:32.126122 [debug] [Thread-1 (]: Began running node test.demo_project.not_null_fct_events_event_id.62d59fe27e
[0m17:59:32.127122 [info ] [Thread-1 (]: 7 of 12 START test not_null_fct_events_event_id ................................ [RUN]
[0m17:59:32.128269 [debug] [Thread-1 (]: Re-using an available connection from the pool (formerly test.demo_project.not_null_fct_events_enriched_occurred_at.1aa725670c, now test.demo_project.not_null_fct_events_event_id.62d59fe27e)
[0m17:59:32.129235 [debug] [Thread-1 (]: Began compiling node test.demo_project.not_null_fct_events_event_id.62d59fe27e
[0m17:59:32.133685 [debug] [Thread-1 (]: Writing injected SQL for node "test.demo_project.not_null_fct_events_event_id.62d59fe27e"
[0m17:59:32.153386 [debug] [Thread-1 (]: Began executing node test.demo_project.not_null_fct_events_event_id.62d59fe27e
[0m17:59:32.157115 [debug] [Thread-1 (]: Writing runtime sql for node "test.demo_project.not_null_fct_events_event_id.62d59fe27e"
[0m17:59:32.180199 [debug] [Thread-1 (]: Using postgres connection "test.demo_project.not_null_fct_events_event_id.62d59fe27e"
[0m17:59:32.181570 [debug] [Thread-1 (]: On test.demo_project.not_null_fct_events_event_id.62d59fe27e: BEGIN
[0m17:59:32.182807 [debug] [Thread-1 (]: Opening a new connection, currently in state closed
[0m17:59:32.191864 [debug] [Thread-1 (]: SQL status: BEGIN in 0.009 seconds
[0m17:59:32.192927 [debug] [Thread-1 (]: Using postgres connection "test.demo_project.not_null_fct_events_event_id.62d59fe27e"
[0m17:59:32.193905 [debug] [Thread-1 (]: On test.demo_project.not_null_fct_events_event_id.62d59fe27e: /* {"app": "dbt", "dbt_version": "1.8.7", "profile_name": "demo_project", "target_name": "dev", "node_id": "test.demo_project.not_null_fct_events_event_id.62d59fe27e"} */
select
      count(*) as failures,
      count(*) != 0 as should_warn,
      count(*) != 0 as should_error
    from (
      
    
    



select event_id
from "analytics"."public"."fct_events"
where event_id is null



      
    ) dbt_internal_test
[0m17:59:32.195468 [debug] [Thread-1 (]: SQL status: SELECT 1 in 0.001 seconds
[0m17:59:32.197834 [debug] [Thread-1 (]: On test.demo_project.not_null_fct_events_event_id.62d59fe27e: ROLLBACK
[0m17:59:32.199572 [debug] [Thread-1 (]: On test.demo_project.not_null_fct_events_event_id.62d59fe27e: Close
[0m17:59:32.200960 [info ] [Thread-1 (]: 7 of 12 PASS not_null_fct_events_event_id ...................................... [[32mPASS[0m in 0.07s]
[0m17:59:32.202406 [debug] [Thread-1 (]: Finished running node test.demo_project.not_null_fct_events_event_id.62d59fe27e
[0m17:59:32.203441 [debug] [Thread-1 (]: Began running node test.demo_project.not_null_fct_events_occurred_at.a4f211de4a
[0m17:59:32.204393 [info ] [Thread-1 (]: 8 of 12 START test not_null_fct_events_occurred_at ............................. [RUN]
[0m17:59:32.205472 [debug] [Thread-1 (]: Re-using an available connection from the pool (formerly test.demo_project.not_null_fct_events_event_id.62d59fe27e, now test.demo_project.not_null_fct_events_occurred_at.a4f211de4a)
[0m17:59:32.206370 [debug] [Thread-1 (]: Began compiling node test.demo_project.not_null_fct_events_occurred_at.a4f211de4a
[0m17:59:32.210333 [debug] [Thread-1 (]: Writing injected SQL for node "test.demo_project.not_null_fct_events_occurred_at.a4f211de4a"
[0m17:59:32.228650 [debug] [Thread-1 (]: Began executing node test.demo_project.not_null_fct_events_occurred_at.a4f211de4a
[0m17:59:32.232170 [debug] [Thread-1 (]: Writing runtime sql for node "test.demo_project.not_null_fct_events_occurred_at.a4f211de4a"
[0m17:59:32.248950 [debug] [Thread-1 (]: Using postgres connection "test.demo_project.not_null_fct_events_occurred_at.a4f211de4a"
[0m17:59:32.250193 [debug] [Thread-1 (]: On test.demo_project.not_null_fct_events_occurred_at.a4f211de4a: BEGIN
[0m17:59:32.251263 [debug] [Thread-1 (]: Opening a new connection, currently in state closed
[0m17:59:32.261211 [debug] [Thread-1 (]: SQL status: BEGIN in 0.010 seconds
[0m17:59:32.262586 [debug] [Thread-1 (]: Using postgres connection "test.demo_project.not_null_fct_events_occurred_at.a4f211de4a"
[0m17:59:32.263605 [debug] [Thread-1 (]: On test.demo_project.not_null_fct_events_occurred_at.a4f211de4a: /* {"app": "dbt", "dbt_version": "1.8.7", "profile_name": "demo_project", "target_name": "dev", "node_id": "test.demo_project.not_null_fct_events_occurred_at.a4f211de4a"} */
select
      count(*) as failures,
      count(*) != 0 as should_warn,
      count(*) != 0 as should_error
    from (
      
    
    



select occurred_at
from "analytics"."public"."fct_events"
where occurred_at is null



      
    ) dbt_internal_test
[0m17:59:32.265392 [debug] [Thread-1 (]: SQL status: SELECT 1 in 0.001 seconds
[0m17:59:32.267577 [debug] [Thread-1 (]: On test.demo_project.not_null_fct_events_occurred_at.a4f211de4a: ROLLBACK
[0m17:59:32.268840 [debug] [Thread-1 (]: On test.demo_project.not_null_fct_events_occurred_at.a4f211de4a: Close
[0m17:59:32.270147 [info ] [Thread-1 (]: 8 of 12 PASS not_null_fct_events_occurred_at ................................... [[32mPASS[0m in 0.06s]
[0m17:59:32.271634 [debug] [Thread-1 (]: Finished running node test.demo_project.not_null_fct_events_occurred_at.a4f211de4a
[0m17:59:32.272720 [debug] [Thread-1 (]: Began running node test.demo_project.not_null_hello_dbt_message.d7182b8860
[0m17:59:32.273875 [info ] [Thread-1 (]: 9 of 12 START test not_null_hello_dbt_message .................................. [RUN]
[0m17:59:32.275445 [debug] [Thread-1 (]: Re-using an available connection from the pool (formerly test.demo_project.not_null_fct_events_occurred_at.a4f211de4a, now test.demo_project.not_null_hello_dbt_message.d7182b8860)
[0m17:59:32.276427 [debug] [Thread-1 (]: Began compiling node test.demo_project.not_null_hello_dbt_message.d7182b8860
[0m17:59:32.280617 [debug] [Thread-1 (]: Writing injected SQL for node "test.demo_project.not_null_hello_dbt_message.d7182b8860"
[0m17:59:32.300480 [debug] [Thread-1 (]: Began executing node test.demo_project.not_null_hello_dbt_message.d7182b8860
[0m17:59:32.303719 [debug] [Thread-1 (]: Writing runtime sql for node "test.demo_project.not_null_hello_dbt_message.d7182b8860"
[0m17:59:32.327288 [debug] [Thread-1 (]: Using postgres connection "test.demo_project.not_null_hello_dbt_message.d7182b8860"
[0m17:59:32.328562 [debug] [Thread-1 (]: On test.demo_project.not_null_hello_dbt_message.d7182b8860: BEGIN
[0m17:59:32.329794 [debug] [Thread-1 (]: Opening a new connection, currently in state closed
[0m17:59:32.338861 [debug] [Thread-1 (]: SQL status: BEGIN in 0.009 seconds
[0m17:59:32.340068 [debug] [Thread-1 (]: Using postgres connection "test.demo_project.not_null_hello_dbt_message.d7182b8860"
[0m17:59:32.341218 [debug] [Thread-1 (]: On test.demo_project.not_null_hello_dbt_message.d7182b8860: /* {"app": "dbt", "dbt_version": "1.8.7", "profile_name": "demo_project", "target_name": "dev", "node_id": "test.demo_project.not_null_hello_dbt_message.d7182b8860"} */
select
      count(*) as failures,
      count(*) != 0 as should_warn,
      count(*) != 0 as should_error
    from (
      
    
    



select message
from "analytics"."public"."hello_dbt"
where message is null



      
    ) dbt_internal_test
[0m17:59:32.343245 [debug] [Thread-1 (]: SQL status: SELECT 1 in 0.001 seconds
[0m17:59:32.345951 [debug] [Thread-1 (]: On test.demo_project.not_null_hello_dbt_message.d7182b8860: ROLLBACK
[0m17:59:32.347303 [debug] [Thread-1 (]: On test.demo_project.not_null_hello_dbt_message.d7182b8860: Close
[0m17:59:32.348731 [info ] [Thread-1 (]: 9 of 12 PASS not_null_hello_dbt_message ........................................ [[32mPASS[0m in 0.07s]
[0m17:59:32.351135 [debug] [Thread-1 (]: Finished running node test.demo_project.not_null_hello_dbt_message.d7182b8860
[0m17:59:32.352504 [debug] [Thread-1 (]: Began running node test.demo_project.unique_dim_event_types_event_type.9778ec2d6e
[0m17:59:32.353600 [info ] [Thread-1 (]: 10 of 12 START test unique_dim_event_types_event_type .......................... [RUN]
[0m17:59:32.354713 [debug] [Thread-1 (]: Re-using an available connection from the pool (formerly test.demo_project.not_null_hello_dbt_message.d7182b8860, now test.demo_project.unique_dim_event_types_event_type.9778ec2d6e)
[0m17:59:32.355770 [debug] [Thread-1 (]: Began compiling node test.demo_project.unique_dim_event_types_event_type.9778ec2d6e
[0m17:59:32.362270 [debug] [Thread-1 (]: Writing injected SQL for node "test.demo_project.unique_dim_event_types_event_type.9778ec2d6e"
[0m17:59:32.371495 [debug] [Thread-1 (]: Began executing node test.demo_project.unique_dim_event_types_event_type.9778ec2d6e
[0m17:59:32.376341 [debug] [Thread-1 (]: Writing runtime sql for node "test.demo_project.unique_dim_event_types_event_type.9778ec2d6e"
[0m17:59:32.384980 [debug] [Thread-1 (]: Using postgres connection "test.demo_project.unique_dim_event_types_event_type.9778ec2d6e"
[0m17:59:32.386205 [debug] [Thread-1 (]: On test.demo_project.unique_dim_event_types_event_type.9778ec2d6e: BEGIN
[0m17:59:32.387172 [debug] [Thread-1 (]: Opening a new connection, currently in state closed
[0m17:59:32.396188 [debug] [Thread-1 (]: SQL status: BEGIN in 0.009 seconds
[0m17:59:32.397451 [debug] [Thread-1 (]: Using postgres connection "test.demo_project.unique_dim_event_types_event_type.9778ec2d6e"
[0m17:59:32.398618 [debug] [Thread-1 (]: On test.demo_project.unique_dim_event_types_event_type.9778ec2d6e: /* {"app": "dbt", "dbt_version": "1.8.7", "profile_name": "demo_project", "target_name": "dev", "node_id": "test.demo_project.unique_dim_event_types_event_type.9778ec2d6e"} */
select
      count(*) as failures,
      count(*) != 0 as should_warn,
      count(*) != 0 as should_error
    from (
      
    
    

select
    event_type as unique_field,
    count(*) as n_records

from "analytics"."public"."dim_event_types"
where event_type is not null
group by event_type
having count(*) > 1



      
    ) dbt_internal_test
[0m17:59:32.400840 [debug] [Thread-1 (]: SQL status: SELECT 1 in 0.001 seconds
[0m17:59:32.403335 [debug] [Thread-1 (]: On test.demo_project.unique_dim_event_types_event_type.9778ec2d6e: ROLLBACK
[0m17:59:32.404658 [debug] [Thread-1 (]: On test.demo_project.unique_dim_event_types_event_type.9778ec2d6e: Close
[0m17:59:32.406091 [info ] [Thread-1 (]: 10 of 12 PASS unique_dim_event_types_event_type ................................ [[32mPASS[0m in 0.05s]
[0m17:59:32.407635 [debug] [Thread-1 (]: Finished running node test.demo_project.unique_dim_event_types_event_type.9778ec2d6e
[0m17:59:32.408843 [debug] [Thread-1 (]: Began running node test.demo_project.unique_fct_events_enriched_event_id.4bbfaf1396
[0m17:59:32.410230 [info ] [Thread-1 (]: 11 of 12 START test unique_fct_events_enriched_event_id ........................ [RUN]
[0m17:59:32.411931 [debug] [Thread-1 (]: Re-using an available connection from the pool (formerly test.demo_project.unique_dim_event_types_event_type.9778ec2d6e, now test.demo_project.unique_fct_events_enriched_event_id.4bbfaf1396)
[0m17:59:32.413118 [debug] [Thread-1 (]: Began compiling node test.demo_project.unique_fct_events_enriched_event_id.4bbfaf1396
[0m17:59:32.417550 [debug] [Thread-1 (]: Writing injected SQL for node "test.demo_project.unique_fct_events_enriched_event_id.4bbfaf1396"
[0m17:59:32.426401 [debug] [Thread-1 (]: Began executing node test.demo_project.unique_fct_events_enriched_event_id.4bbfaf1396
[0m17:59:32.429571 [debug] [Thread-1 (]: Writing runtime sql for node "test.demo_project.unique_fct_events_enriched_event_id.4bbfaf1396"
[0m17:59:32.438393 [debug] [Thread-1 (]: Using postgres connection "test.demo_project.unique_fct_events_enriched_event_id.4bbfaf1396"
[0m17:59:32.439719 [debug] [Thread-1 (]: On test.demo_project.unique_fct_events_enriched_event_id.4bbfaf1396: BEGIN
[0m17:59:32.441497 [debug] [Thread-1 (]: Opening a new connection, currently in state closed
[0m17:59:32.450866 [debug] [Thread-1 (]: SQL status: BEGIN in 0.009 seconds
[0m17:59:32.452116 [debug] [Thread-1 (]: Using postgres connection "test.demo_project.unique_fct_events_enriched_event_id.4bbfaf1396"
[0m17:59:32.453176 [debug] [Thread-1 (]: On test.demo_project.unique_fct_events_enriched_event_id.4bbfaf1396: /* {"app": "dbt", "dbt_version": "1.8.7", "profile_name": "demo_project", "target_name": "dev", "node_id": "test.demo_project.unique_fct_events_enriched_event_id.4bbfaf1396"} */
select
      count(*) as failures,
      count(*) != 0 as should_warn,
      count(*) != 0 as should_error
    from (
      
    
    

select
    event_id as unique_field,
    count(*) as n_records

from "analytics"."public"."fct_events_enriched"
where event_id is not null
group by event_id
having count(*) > 1



      
    ) dbt_internal_test
[0m17:59:32.455320 [debug] [Thread-1 (]: SQL status: SELECT 1 in 0.001 seconds
[0m17:59:32.458002 [debug] [Thread-1 (]: On test.demo_project.unique_fct_events_enriched_event_id.4bbfaf1396: ROLLBACK
[0m17:59:32.459147 [debug] [Thread-1 (]: On test.demo_project.unique_fct_events_enriched_event_id.4bbfaf1396: Close
[0m17:59:32.460530 [info ] [Thread-1 (]: 11 of 12 PASS unique_fct_events_enriched_event_id .............................. [[32mPASS[0m in 0.05s]
[0m17:59:32.461920 [debug] [Thread-1 (]: Finished running node test.demo_project.unique_fct_events_enriched_event_id.4bbfaf1396
[0m17:59:32.463121 [debug] [Thread-1 (]: Began running node test.demo_project.unique_fct_events_event_id.355e3ede35
[0m17:59:32.464118 [info ] [Thread-1 (]: 12 of 12 START test unique_fct_events_event_id ................................. [RUN]
[0m17:59:32.465170 [debug] [Thread-1 (]: Re-using an available connection from the pool (formerly test.demo_project.unique_fct_events_enriched_event_id.4bbfaf1396, now test.demo_project.unique_fct_events_event_id.355e3ede35)
[0m17:59:32.466172 [debug] [Thread-1 (]: Began compiling node test.demo_project.unique_fct_events_event_id.355e3ede35
[0m17:59:32.470555 [debug] [Thread-1 (]: Writing injected SQL for node "test.demo_project.unique_fct_events_event_id.355e3ede35"
[0m17:59:32.484941 [debug] [Thread-1 (]: Began executing node test.demo_project.unique_fct_events_event_id.355e3ede35
[0m17:59:32.488249 [debug] [Thread-1 (]: Writing runtime sql for node "test.demo_project.unique_fct_events_event_id.355e3ede35"
[0m17:59:32.504778 [debug] [Thread-1 (]: Using postgres connection "test.demo_project.unique_fct_events_event_id.355e3ede35"
[0m17:59:32.506009 [debug] [Thread-1 (]: On test.demo_project.unique_fct_events_event_id.355e3ede35: BEGIN
[0m17:59:32.507113 [debug] [Thread-1 (]: Opening a new connection, currently in state closed
[0m17:59:32.515560 [debug] [Thread-1 (]: SQL status: BEGIN in 0.008 seconds
[0m17:59:32.517181 [debug] [Thread-1 (]: Using postgres connection "test.demo_project.unique_fct_events_event_id.355e3ede35"
[0m17:59:32.518229 [debug] [Thread-1 (]: On test.demo_project.unique_fct_events_event_id.355e3ede35: /* {"app": "dbt", "dbt_version": "1.8.7", "profile_name": "demo_project", "target_name": "dev", "node_id": "test.demo_project.unique_fct_events_event_id.355e3ede35"} */
select
      count(*) as failures,
      count(*) != 0 as should_warn,
      count(*) != 0 as should_error
    from (
      
    
    

select
    event_id as unique_field,
    count(*) as n_records

from "analytics"."public"."fct_events"
where event_id is not null
group by event_id
having count(*) > 1



      
    ) dbt_internal_test
[0m17:59:32.520284 [debug] [Thread-1 (]: SQL status: SELECT 1 in 0.001 seconds
[0m17:59:32.522342 [debug] [Thread-1 (]: On test.demo_project.unique_fct_events_event_id.355e3ede35: ROLLBACK
[0m17:59:32.523415 [debug] [Thread-1 (]: On test.demo_project.unique_fct_events_event_id.355e3ede35: Close
[0m17:59:32.524727 [info ] [Thread-1 (]: 12 of 12 PASS unique_fct_events_event_id ....................................... [[32mPASS[0m in 0.06s]
[0m17:59:32.526016 [debug] [Thread-1 (]: Finished running node test.demo_project.unique_fct_events_event_id.355e3ede35
[0m17:59:32.528387 [debug] [MainThread]: Using postgres connection "master"
[0m17:59:32.529334 [debug] [MainThread]: On master: BEGIN
[0m17:59:32.530118 [debug] [MainThread]: Opening a new connection, currently in state closed
[0m17:59:32.537750 [debug] [MainThread]: SQL status: BEGIN in 0.008 seconds
[0m17:59:32.538751 [debug] [MainThread]: On master: COMMIT
[0m17:59:32.539577 [debug] [MainThread]: Using postgres connection "master"
[0m17:59:32.540363 [debug] [MainThread]: On master: COMMIT
[0m17:59:32.541401 [debug] [MainThread]: SQL status: COMMIT in 0.000 seconds
[0m17:59:32.542209 [debug] [MainThread]: On master: Close
[0m17:59:32.543097 [debug] [MainThread]: Connection 'master' was properly closed.
[0m17:59:32.543873 [debug] [MainThread]: Connection 'test.demo_project.unique_fct_events_event_id.355e3ede35' was properly closed.
[0m17:59:32.544717 [info ] [MainThread]: 
[0m17:59:32.545553 [info ] [MainThread]: Finished running 12 data tests in 0 hours 0 minutes and 0.89 seconds (0.89s).
[0m17:59:32.548678 [debug] [MainThread]: Command end result
[0m17:59:32.606164 [info ] [MainThread]: 
[0m17:59:32.608426 [info ] [MainThread]: [32mCompleted successfully[0m
[0m17:59:32.609708 [info ] [MainThread]: 
[0m17:59:32.610840 [info ] [MainThread]: Done. PASS=12 WARN=0 ERROR=0 SKIP=0 TOTAL=12
[0m17:59:32.612516 [debug] [MainThread]: Resource report: {"command_name": "test", "command_success": true, "command_wall_clock_time": 1.7547591, "process_user_time": 3.308363, "process_kernel_time": 0.304369, "process_mem_max_rss": "158016", "process_in_blocks": "0", "process_out_blocks": "0"}
[0m17:59:32.613903 [debug] [MainThread]: Command `dbt test` succeeded at 17:59:32.613761 after 1.76 seconds
[0m17:59:32.614963 [debug] [MainThread]: Sending event: {'category': 'dbt', 'action': 'invocation', 'label': 'end', 'context': [<snowplow_tracker.self_describing_json.SelfDescribingJson object at 0x753113dcf8c0>, <snowplow_tracker.self_describing_json.SelfDescribingJson object at 0x753113dce060>, <snowplow_tracker.self_describing_json.SelfDescribingJson object at 0x753114f4d8b0>]}
[0m17:59:32.616056 [debug] [MainThread]: Flushing usage events
[0m18:06:47.957802 [debug] [MainThread]: Sending event: {'category': 'dbt', 'action': 'invocation', 'label': 'start', 'context': [<snowplow_tracker.self_describing_json.SelfDescribingJson object at 0x73b4f144edb0>, <snowplow_tracker.self_describing_json.SelfDescribingJson object at 0x73b4f4caca40>, <snowplow_tracker.self_describing_json.SelfDescribingJson object at 0x73b4f3a48ad0>]}


============================== 18:06:47.965633 | ce89ad52-428f-487c-aec7-f84c55eb3ab6 ==============================
[0m18:06:47.965633 [info ] [MainThread]: Running with dbt=1.8.7
[0m18:06:47.966927 [debug] [MainThread]: running dbt with arguments {'printer_width': '80', 'indirect_selection': 'eager', 'log_cache_events': 'False', 'write_json': 'True', 'partial_parse': 'True', 'cache_selected_only': 'False', 'warn_error': 'None', 'fail_fast': 'False', 'version_check': 'True', 'log_path': '/opt/airflow/dbt/logs', 'profiles_dir': '/opt/airflow/dbt/profiles', 'debug': 'False', 'use_colors': 'True', 'use_experimental_parser': 'False', 'empty': 'None', 'quiet': 'False', 'no_print': 'None', 'log_format': 'default', 'invocation_command': 'dbt debug', 'warn_error_options': 'WarnErrorOptions(include=[], exclude=[])', 'static_parser': 'True', 'target_path': 'None', 'introspect': 'True', 'send_anonymous_usage_stats': 'True'}
[0m18:06:47.975867 [info ] [MainThread]: dbt version: 1.8.7
[0m18:06:47.977466 [info ] [MainThread]: python version: 3.12.4
[0m18:06:47.979128 [info ] [MainThread]: python path: /home/airflow/.local/bin/python
[0m18:06:47.980281 [info ] [MainThread]: os info: Linux-6.6.87.2-microsoft-standard-WSL2-x86_64-with-glibc2.36
[0m18:06:48.071940 [info ] [MainThread]: Using profiles dir at /opt/airflow/dbt/profiles
[0m18:06:48.073521 [info ] [MainThread]: Using profiles.yml file at /opt/airflow/dbt/profiles/profiles.yml
[0m18:06:48.074827 [info ] [MainThread]: Using dbt_project.yml file at /opt/airflow/dbt/dbt_project.yml
[0m18:06:48.076108 [info ] [MainThread]: adapter type: postgres
[0m18:06:48.077343 [info ] [MainThread]: adapter version: 1.8.2
[0m18:06:48.171749 [info ] [MainThread]: Configuration:
[0m18:06:48.173208 [info ] [MainThread]:   profiles.yml file [[32mOK found and valid[0m]
[0m18:06:48.177245 [info ] [MainThread]:   dbt_project.yml file [[32mOK found and valid[0m]
[0m18:06:48.178771 [info ] [MainThread]: Required dependencies:
[0m18:06:48.180095 [debug] [MainThread]: Executing "git --help"
[0m18:06:48.184040 [debug] [MainThread]: STDOUT: "b"usage: git [-v | --version] [-h | --help] [-C <path>] [-c <name>=<value>]\n           [--exec-path[=<path>]] [--html-path] [--man-path] [--info-path]\n           [-p | --paginate | -P | --no-pager] [--no-replace-objects] [--bare]\n           [--git-dir=<path>] [--work-tree=<path>] [--namespace=<name>]\n           [--super-prefix=<path>] [--config-env=<name>=<envvar>]\n           <command> [<args>]\n\nThese are common Git commands used in various situations:\n\nstart a working area (see also: git help tutorial)\n   clone     Clone a repository into a new directory\n   init      Create an empty Git repository or reinitialize an existing one\n\nwork on the current change (see also: git help everyday)\n   add       Add file contents to the index\n   mv        Move or rename a file, a directory, or a symlink\n   restore   Restore working tree files\n   rm        Remove files from the working tree and from the index\n\nexamine the history and state (see also: git help revisions)\n   bisect    Use binary search to find the commit that introduced a bug\n   diff      Show changes between commits, commit and working tree, etc\n   grep      Print lines matching a pattern\n   log       Show commit logs\n   show      Show various types of objects\n   status    Show the working tree status\n\ngrow, mark and tweak your common history\n   branch    List, create, or delete branches\n   commit    Record changes to the repository\n   merge     Join two or more development histories together\n   rebase    Reapply commits on top of another base tip\n   reset     Reset current HEAD to the specified state\n   switch    Switch branches\n   tag       Create, list, delete or verify a tag object signed with GPG\n\ncollaborate (see also: git help workflows)\n   fetch     Download objects and refs from another repository\n   pull      Fetch from and integrate with another repository or a local branch\n   push      Update remote refs along with associated objects\n\n'git help -a' and 'git help -g' list available subcommands and some\nconcept guides. See 'git help <command>' or 'git help <concept>'\nto read about a specific subcommand or concept.\nSee 'git help git' for an overview of the system.\n""
[0m18:06:48.185859 [debug] [MainThread]: STDERR: "b''"
[0m18:06:48.186835 [info ] [MainThread]:  - git [[32mOK found[0m]

[0m18:06:48.187978 [info ] [MainThread]: Connection:
[0m18:06:48.188903 [info ] [MainThread]:   host: postgres
[0m18:06:48.189656 [info ] [MainThread]:   port: 5432
[0m18:06:48.190505 [info ] [MainThread]:   user: airflow
[0m18:06:48.191862 [info ] [MainThread]:   database: analytics
[0m18:06:48.192840 [info ] [MainThread]:   schema: public
[0m18:06:48.193620 [info ] [MainThread]:   connect_timeout: 10
[0m18:06:48.194460 [info ] [MainThread]:   role: None
[0m18:06:48.195197 [info ] [MainThread]:   search_path: None
[0m18:06:48.196051 [info ] [MainThread]:   keepalives_idle: 0
[0m18:06:48.196837 [info ] [MainThread]:   sslmode: None
[0m18:06:48.197621 [info ] [MainThread]:   sslcert: None
[0m18:06:48.198434 [info ] [MainThread]:   sslkey: None
[0m18:06:48.199202 [info ] [MainThread]:   sslrootcert: None
[0m18:06:48.199989 [info ] [MainThread]:   application_name: dbt
[0m18:06:48.200975 [info ] [MainThread]:   retries: 1
[0m18:06:48.201984 [info ] [MainThread]: Registered adapter: postgres=1.8.2
[0m18:06:48.277282 [debug] [MainThread]: Acquiring new postgres connection 'debug'
[0m18:06:48.305543 [debug] [MainThread]: Using postgres connection "debug"
[0m18:06:48.306889 [debug] [MainThread]: On debug: select 1 as id
[0m18:06:48.308087 [debug] [MainThread]: Opening a new connection, currently in state init
[0m18:06:48.318760 [debug] [MainThread]: SQL status: SELECT 1 in 0.011 seconds
[0m18:06:48.320554 [debug] [MainThread]: On debug: Close
[0m18:06:48.321589 [info ] [MainThread]:   Connection test: [[32mOK connection ok[0m]

[0m18:06:48.323046 [info ] [MainThread]: [32mAll checks passed![0m
[0m18:06:48.324996 [debug] [MainThread]: Resource report: {"command_name": "debug", "command_success": true, "command_wall_clock_time": 0.44133332, "process_user_time": 2.586187, "process_kernel_time": 0.272003, "process_mem_max_rss": "158088", "process_in_blocks": "0", "process_out_blocks": "0"}
[0m18:06:48.326325 [debug] [MainThread]: Command `dbt debug` succeeded at 18:06:48.326158 after 0.44 seconds
[0m18:06:48.327403 [debug] [MainThread]: Connection 'debug' was properly closed.
[0m18:06:48.328988 [debug] [MainThread]: Sending event: {'category': 'dbt', 'action': 'invocation', 'label': 'end', 'context': [<snowplow_tracker.self_describing_json.SelfDescribingJson object at 0x73b4f144edb0>, <snowplow_tracker.self_describing_json.SelfDescribingJson object at 0x73b4f14186b0>, <snowplow_tracker.self_describing_json.SelfDescribingJson object at 0x73b4f12c8860>]}
[0m18:06:48.330421 [debug] [MainThread]: Flushing usage events
[0m18:06:51.956636 [debug] [MainThread]: Sending event: {'category': 'dbt', 'action': 'invocation', 'label': 'start', 'context': [<snowplow_tracker.self_describing_json.SelfDescribingJson object at 0x7f0c9524af30>, <snowplow_tracker.self_describing_json.SelfDescribingJson object at 0x7f0c9524af60>, <snowplow_tracker.self_describing_json.SelfDescribingJson object at 0x7f0c9524b110>]}


============================== 18:06:51.962627 | 98493b53-264d-48c4-ac05-987f9e968e76 ==============================
[0m18:06:51.962627 [info ] [MainThread]: Running with dbt=1.8.7
[0m18:06:51.964146 [debug] [MainThread]: running dbt with arguments {'printer_width': '80', 'indirect_selection': 'eager', 'log_cache_events': 'False', 'write_json': 'True', 'partial_parse': 'True', 'cache_selected_only': 'False', 'warn_error': 'None', 'fail_fast': 'False', 'profiles_dir': '/opt/airflow/dbt/profiles', 'log_path': '/opt/airflow/dbt/logs', 'version_check': 'True', 'debug': 'False', 'use_colors': 'True', 'use_experimental_parser': 'False', 'no_print': 'None', 'quiet': 'False', 'empty': 'False', 'warn_error_options': 'WarnErrorOptions(include=[], exclude=[])', 'invocation_command': 'dbt run', 'log_format': 'default', 'introspect': 'True', 'target_path': 'None', 'static_parser': 'True', 'send_anonymous_usage_stats': 'True'}
[0m18:06:52.164507 [debug] [MainThread]: Sending event: {'category': 'dbt', 'action': 'project_id', 'label': '98493b53-264d-48c4-ac05-987f9e968e76', 'context': [<snowplow_tracker.self_describing_json.SelfDescribingJson object at 0x7f0c9616d0d0>]}
[0m18:06:52.221687 [debug] [MainThread]: Sending event: {'category': 'dbt', 'action': 'adapter_info', 'label': '98493b53-264d-48c4-ac05-987f9e968e76', 'context': [<snowplow_tracker.self_describing_json.SelfDescribingJson object at 0x7f0c95f8ea20>]}
[0m18:06:52.223339 [info ] [MainThread]: Registered adapter: postgres=1.8.2
[0m18:06:52.331668 [debug] [MainThread]: checksum: 4af21dafb485259c48497ac86b711ddb1982f3d0f1c0ca4e09356de488b753c0, vars: {}, profile: , target: , version: 1.8.7
[0m18:06:52.516155 [debug] [MainThread]: Partial parsing enabled: 0 files deleted, 0 files added, 0 files changed.
[0m18:06:52.517196 [debug] [MainThread]: Partial parsing enabled, no changes found, skipping parsing
[0m18:06:52.556123 [debug] [MainThread]: Sending event: {'category': 'dbt', 'action': 'load_project', 'label': '98493b53-264d-48c4-ac05-987f9e968e76', 'context': [<snowplow_tracker.self_describing_json.SelfDescribingJson object at 0x7f0c94954b00>]}
[0m18:06:52.691494 [debug] [MainThread]: Sending event: {'category': 'dbt', 'action': 'resource_counts', 'label': '98493b53-264d-48c4-ac05-987f9e968e76', 'context': [<snowplow_tracker.self_describing_json.SelfDescribingJson object at 0x7f0c941889e0>]}
[0m18:06:52.693014 [info ] [MainThread]: Found 4 models, 12 data tests, 1 source, 428 macros
[0m18:06:52.694406 [debug] [MainThread]: Sending event: {'category': 'dbt', 'action': 'runnable_timing', 'label': '98493b53-264d-48c4-ac05-987f9e968e76', 'context': [<snowplow_tracker.self_describing_json.SelfDescribingJson object at 0x7f0c93d73e00>]}
[0m18:06:52.697244 [info ] [MainThread]: 
[0m18:06:52.699279 [debug] [MainThread]: Acquiring new postgres connection 'master'
[0m18:06:52.705442 [debug] [ThreadPool]: Acquiring new postgres connection 'list_analytics'
[0m18:06:52.751437 [debug] [ThreadPool]: Using postgres connection "list_analytics"
[0m18:06:52.752883 [debug] [ThreadPool]: On list_analytics: /* {"app": "dbt", "dbt_version": "1.8.7", "profile_name": "demo_project", "target_name": "dev", "connection_name": "list_analytics"} */

    select distinct nspname from pg_namespace
  
[0m18:06:52.754189 [debug] [ThreadPool]: Opening a new connection, currently in state init
[0m18:06:52.764994 [debug] [ThreadPool]: SQL status: SELECT 4 in 0.011 seconds
[0m18:06:52.767359 [debug] [ThreadPool]: On list_analytics: Close
[0m18:06:52.770001 [debug] [ThreadPool]: Re-using an available connection from the pool (formerly list_analytics, now list_analytics_public)
[0m18:06:52.776599 [debug] [ThreadPool]: Using postgres connection "list_analytics_public"
[0m18:06:52.777713 [debug] [ThreadPool]: On list_analytics_public: BEGIN
[0m18:06:52.778732 [debug] [ThreadPool]: Opening a new connection, currently in state closed
[0m18:06:52.786511 [debug] [ThreadPool]: SQL status: BEGIN in 0.008 seconds
[0m18:06:52.787652 [debug] [ThreadPool]: Using postgres connection "list_analytics_public"
[0m18:06:52.788683 [debug] [ThreadPool]: On list_analytics_public: /* {"app": "dbt", "dbt_version": "1.8.7", "profile_name": "demo_project", "target_name": "dev", "connection_name": "list_analytics_public"} */
select
      'analytics' as database,
      tablename as name,
      schemaname as schema,
      'table' as type
    from pg_tables
    where schemaname ilike 'public'
    union all
    select
      'analytics' as database,
      viewname as name,
      schemaname as schema,
      'view' as type
    from pg_views
    where schemaname ilike 'public'
    union all
    select
      'analytics' as database,
      matviewname as name,
      schemaname as schema,
      'materialized_view' as type
    from pg_matviews
    where schemaname ilike 'public'
  
[0m18:06:52.792232 [debug] [ThreadPool]: SQL status: SELECT 5 in 0.002 seconds
[0m18:06:52.794196 [debug] [ThreadPool]: On list_analytics_public: ROLLBACK
[0m18:06:52.795284 [debug] [ThreadPool]: On list_analytics_public: Close
[0m18:06:52.800141 [debug] [MainThread]: Using postgres connection "master"
[0m18:06:52.801138 [debug] [MainThread]: On master: BEGIN
[0m18:06:52.801974 [debug] [MainThread]: Opening a new connection, currently in state init
[0m18:06:52.810167 [debug] [MainThread]: SQL status: BEGIN in 0.008 seconds
[0m18:06:52.811209 [debug] [MainThread]: Using postgres connection "master"
[0m18:06:52.812184 [debug] [MainThread]: On master: /* {"app": "dbt", "dbt_version": "1.8.7", "profile_name": "demo_project", "target_name": "dev", "connection_name": "master"} */
with relation as (
        select
            pg_rewrite.ev_class as class,
            pg_rewrite.oid as id
        from pg_rewrite
    ),
    class as (
        select
            oid as id,
            relname as name,
            relnamespace as schema,
            relkind as kind
        from pg_class
    ),
    dependency as (
        select distinct
            pg_depend.objid as id,
            pg_depend.refobjid as ref
        from pg_depend
    ),
    schema as (
        select
            pg_namespace.oid as id,
            pg_namespace.nspname as name
        from pg_namespace
        where nspname != 'information_schema' and nspname not like 'pg\_%'
    ),
    referenced as (
        select
            relation.id AS id,
            referenced_class.name ,
            referenced_class.schema ,
            referenced_class.kind
        from relation
        join class as referenced_class on relation.class=referenced_class.id
        where referenced_class.kind in ('r', 'v', 'm')
    ),
    relationships as (
        select
            referenced.name as referenced_name,
            referenced.schema as referenced_schema_id,
            dependent_class.name as dependent_name,
            dependent_class.schema as dependent_schema_id,
            referenced.kind as kind
        from referenced
        join dependency on referenced.id=dependency.id
        join class as dependent_class on dependency.ref=dependent_class.id
        where
            (referenced.name != dependent_class.name or
             referenced.schema != dependent_class.schema)
    )

    select
        referenced_schema.name as referenced_schema,
        relationships.referenced_name as referenced_name,
        dependent_schema.name as dependent_schema,
        relationships.dependent_name as dependent_name
    from relationships
    join schema as dependent_schema on relationships.dependent_schema_id=dependent_schema.id
    join schema as referenced_schema on relationships.referenced_schema_id=referenced_schema.id
    group by referenced_schema, referenced_name, dependent_schema, dependent_name
    order by referenced_schema, referenced_name, dependent_schema, dependent_name;
[0m18:06:52.816627 [debug] [MainThread]: SQL status: SELECT 0 in 0.004 seconds
[0m18:06:52.818566 [debug] [MainThread]: Sending event: {'category': 'dbt', 'action': 'runnable_timing', 'label': '98493b53-264d-48c4-ac05-987f9e968e76', 'context': [<snowplow_tracker.self_describing_json.SelfDescribingJson object at 0x7f0c9313d700>]}
[0m18:06:52.819961 [debug] [MainThread]: On master: ROLLBACK
[0m18:06:52.821007 [debug] [MainThread]: Using postgres connection "master"
[0m18:06:52.822112 [debug] [MainThread]: On master: BEGIN
[0m18:06:52.823564 [debug] [MainThread]: SQL status: BEGIN in 0.000 seconds
[0m18:06:52.824431 [debug] [MainThread]: On master: COMMIT
[0m18:06:52.825123 [debug] [MainThread]: Using postgres connection "master"
[0m18:06:52.825818 [debug] [MainThread]: On master: COMMIT
[0m18:06:52.826602 [debug] [MainThread]: SQL status: COMMIT in 0.000 seconds
[0m18:06:52.827276 [debug] [MainThread]: On master: Close
[0m18:06:52.828080 [info ] [MainThread]: Concurrency: 1 threads (target='dev')
[0m18:06:52.828884 [info ] [MainThread]: 
[0m18:06:52.836877 [debug] [Thread-1 (]: Began running node model.demo_project.dim_event_types
[0m18:06:52.838042 [info ] [Thread-1 (]: 1 of 4 START sql table model public.dim_event_types ............................ [RUN]
[0m18:06:52.839109 [debug] [Thread-1 (]: Re-using an available connection from the pool (formerly list_analytics_public, now model.demo_project.dim_event_types)
[0m18:06:52.839930 [debug] [Thread-1 (]: Began compiling node model.demo_project.dim_event_types
[0m18:06:52.846869 [debug] [Thread-1 (]: Writing injected SQL for node "model.demo_project.dim_event_types"
[0m18:06:52.854422 [debug] [Thread-1 (]: Began executing node model.demo_project.dim_event_types
[0m18:06:52.890393 [debug] [Thread-1 (]: Writing runtime sql for node "model.demo_project.dim_event_types"
[0m18:06:52.899441 [debug] [Thread-1 (]: Using postgres connection "model.demo_project.dim_event_types"
[0m18:06:52.900482 [debug] [Thread-1 (]: On model.demo_project.dim_event_types: BEGIN
[0m18:06:52.901217 [debug] [Thread-1 (]: Opening a new connection, currently in state closed
[0m18:06:52.908964 [debug] [Thread-1 (]: SQL status: BEGIN in 0.008 seconds
[0m18:06:52.910109 [debug] [Thread-1 (]: Using postgres connection "model.demo_project.dim_event_types"
[0m18:06:52.911089 [debug] [Thread-1 (]: On model.demo_project.dim_event_types: /* {"app": "dbt", "dbt_version": "1.8.7", "profile_name": "demo_project", "target_name": "dev", "node_id": "model.demo_project.dim_event_types"} */

  
    

  create  table "analytics"."public"."dim_event_types__dbt_tmp"
  
  
    as
  
  (
    

select distinct
    event_type,
    initcap(replace(event_type, '_', ' ')) as event_type_label
from "analytics"."public"."raw_events"
  );
  
[0m18:06:52.917294 [debug] [Thread-1 (]: SQL status: SELECT 1 in 0.005 seconds
[0m18:06:52.923321 [debug] [Thread-1 (]: Using postgres connection "model.demo_project.dim_event_types"
[0m18:06:52.924943 [debug] [Thread-1 (]: On model.demo_project.dim_event_types: /* {"app": "dbt", "dbt_version": "1.8.7", "profile_name": "demo_project", "target_name": "dev", "node_id": "model.demo_project.dim_event_types"} */
alter table "analytics"."public"."dim_event_types" rename to "dim_event_types__dbt_backup"
[0m18:06:52.926432 [debug] [Thread-1 (]: SQL status: ALTER TABLE in 0.000 seconds
[0m18:06:52.929495 [debug] [Thread-1 (]: Using postgres connection "model.demo_project.dim_event_types"
[0m18:06:52.930477 [debug] [Thread-1 (]: On model.demo_project.dim_event_types: /* {"app": "dbt", "dbt_version": "1.8.7", "profile_name": "demo_project", "target_name": "dev", "node_id": "model.demo_project.dim_event_types"} */
alter table "analytics"."public"."dim_event_types__dbt_tmp" rename to "dim_event_types"
[0m18:06:52.931578 [debug] [Thread-1 (]: SQL status: ALTER TABLE in 0.000 seconds
[0m18:06:52.950073 [debug] [Thread-1 (]: On model.demo_project.dim_event_types: COMMIT
[0m18:06:52.951599 [debug] [Thread-1 (]: Using postgres connection "model.demo_project.dim_event_types"
[0m18:06:52.952915 [debug] [Thread-1 (]: On model.demo_project.dim_event_types: COMMIT
[0m18:06:52.956019 [debug] [Thread-1 (]: SQL status: COMMIT in 0.002 seconds
[0m18:06:52.962687 [debug] [Thread-1 (]: Applying DROP to: "analytics"."public"."dim_event_types__dbt_backup"
[0m18:06:52.970195 [debug] [Thread-1 (]: Using postgres connection "model.demo_project.dim_event_types"
[0m18:06:52.971445 [debug] [Thread-1 (]: On model.demo_project.dim_event_types: /* {"app": "dbt", "dbt_version": "1.8.7", "profile_name": "demo_project", "target_name": "dev", "node_id": "model.demo_project.dim_event_types"} */
drop table if exists "analytics"."public"."dim_event_types__dbt_backup" cascade
[0m18:06:52.976405 [debug] [Thread-1 (]: SQL status: DROP TABLE in 0.004 seconds
[0m18:06:52.979994 [debug] [Thread-1 (]: On model.demo_project.dim_event_types: Close
[0m18:06:52.983150 [debug] [Thread-1 (]: Sending event: {'category': 'dbt', 'action': 'run_model', 'label': '98493b53-264d-48c4-ac05-987f9e968e76', 'context': [<snowplow_tracker.self_describing_json.SelfDescribingJson object at 0x7f0c967ed8e0>]}
[0m18:06:52.985323 [info ] [Thread-1 (]: 1 of 4 OK created sql table model public.dim_event_types ....................... [[32mSELECT 1[0m in 0.14s]
[0m18:06:52.986579 [debug] [Thread-1 (]: Finished running node model.demo_project.dim_event_types
[0m18:06:52.987568 [debug] [Thread-1 (]: Began running node model.demo_project.fct_events
[0m18:06:52.988712 [info ] [Thread-1 (]: 2 of 4 START sql incremental model public.fct_events ........................... [RUN]
[0m18:06:52.989890 [debug] [Thread-1 (]: Re-using an available connection from the pool (formerly model.demo_project.dim_event_types, now model.demo_project.fct_events)
[0m18:06:52.990985 [debug] [Thread-1 (]: Began compiling node model.demo_project.fct_events
[0m18:06:53.001000 [debug] [Thread-1 (]: Writing injected SQL for node "model.demo_project.fct_events"
[0m18:06:53.008726 [debug] [Thread-1 (]: Began executing node model.demo_project.fct_events
[0m18:06:53.042615 [debug] [Thread-1 (]: Using postgres connection "model.demo_project.fct_events"
[0m18:06:53.045937 [debug] [Thread-1 (]: On model.demo_project.fct_events: /* {"app": "dbt", "dbt_version": "1.8.7", "profile_name": "demo_project", "target_name": "dev", "node_id": "model.demo_project.fct_events"} */

    
  
    

  create temporary table "fct_events__dbt_tmp180653035924"
  
  
    as
  
  (
    

select
    event_id,
    event_type,
    occurred_at
from "analytics"."public"."raw_events"


  where occurred_at > (select max(occurred_at) from "analytics"."public"."fct_events")

  );
  
  
[0m18:06:53.047920 [debug] [Thread-1 (]: Opening a new connection, currently in state closed
[0m18:06:53.066175 [debug] [Thread-1 (]: SQL status: SELECT 3 in 0.018 seconds
[0m18:06:53.110106 [debug] [Thread-1 (]: Using postgres connection "model.demo_project.fct_events"
[0m18:06:53.114452 [debug] [Thread-1 (]: On model.demo_project.fct_events: BEGIN
[0m18:06:53.117127 [debug] [Thread-1 (]: SQL status: BEGIN in 0.001 seconds
[0m18:06:53.119427 [debug] [Thread-1 (]: Using postgres connection "model.demo_project.fct_events"
[0m18:06:53.121799 [debug] [Thread-1 (]: On model.demo_project.fct_events: /* {"app": "dbt", "dbt_version": "1.8.7", "profile_name": "demo_project", "target_name": "dev", "node_id": "model.demo_project.fct_events"} */

      select
          column_name,
          data_type,
          character_maximum_length,
          numeric_precision,
          numeric_scale

      from INFORMATION_SCHEMA.columns
      where table_name = 'fct_events__dbt_tmp180653035924'
        
      order by ordinal_position

  
[0m18:06:53.142840 [debug] [Thread-1 (]: SQL status: SELECT 3 in 0.019 seconds
[0m18:06:53.161513 [debug] [Thread-1 (]: Using postgres connection "model.demo_project.fct_events"
[0m18:06:53.164973 [debug] [Thread-1 (]: On model.demo_project.fct_events: /* {"app": "dbt", "dbt_version": "1.8.7", "profile_name": "demo_project", "target_name": "dev", "node_id": "model.demo_project.fct_events"} */

      select
          column_name,
          data_type,
          character_maximum_length,
          numeric_precision,
          numeric_scale

      from "analytics".INFORMATION_SCHEMA.columns
      where table_name = 'fct_events'
        
        and table_schema = 'public'
        
      order by ordinal_position

  
[0m18:06:53.170988 [debug] [Thread-1 (]: SQL status: SELECT 3 in 0.004 seconds
[0m18:06:53.188013 [debug] [Thread-1 (]: Using postgres connection "model.demo_project.fct_events"
[0m18:06:53.189772 [debug] [Thread-1 (]: On model.demo_project.fct_events: /* {"app": "dbt", "dbt_version": "1.8.7", "profile_name": "demo_project", "target_name": "dev", "node_id": "model.demo_project.fct_events"} */

      select
          column_name,
          data_type,
          character_maximum_length,
          numeric_precision,
          numeric_scale

      from "analytics".INFORMATION_SCHEMA.columns
      where table_name = 'fct_events'
        
        and table_schema = 'public'
        
      order by ordinal_position

  
[0m18:06:53.195033 [debug] [Thread-1 (]: SQL status: SELECT 3 in 0.003 seconds
[0m18:06:53.243761 [debug] [Thread-1 (]: Writing runtime sql for node "model.demo_project.fct_events"
[0m18:06:53.272937 [debug] [Thread-1 (]: Using postgres connection "model.demo_project.fct_events"
[0m18:06:53.274907 [debug] [Thread-1 (]: On model.demo_project.fct_events: /* {"app": "dbt", "dbt_version": "1.8.7", "profile_name": "demo_project", "target_name": "dev", "node_id": "model.demo_project.fct_events"} */

      
        
            delete from "analytics"."public"."fct_events"
            where (
                event_id) in (
                select (event_id)
                from "fct_events__dbt_tmp180653035924"
            );

        
    

    insert into "analytics"."public"."fct_events" ("event_id", "event_type", "occurred_at")
    (
        select "event_id", "event_type", "occurred_at"
        from "fct_events__dbt_tmp180653035924"
    )
  
[0m18:06:53.277873 [debug] [Thread-1 (]: SQL status: INSERT 0 3 in 0.001 seconds
[0m18:06:53.281885 [debug] [Thread-1 (]: On model.demo_project.fct_events: COMMIT
[0m18:06:53.283872 [debug] [Thread-1 (]: Using postgres connection "model.demo_project.fct_events"
[0m18:06:53.285658 [debug] [Thread-1 (]: On model.demo_project.fct_events: COMMIT
[0m18:06:53.288332 [debug] [Thread-1 (]: SQL status: COMMIT in 0.001 seconds
[0m18:06:53.290343 [debug] [Thread-1 (]: On model.demo_project.fct_events: Close
[0m18:06:53.292563 [debug] [Thread-1 (]: Sending event: {'category': 'dbt', 'action': 'run_model', 'label': '98493b53-264d-48c4-ac05-987f9e968e76', 'context': [<snowplow_tracker.self_describing_json.SelfDescribingJson object at 0x7f0c92170aa0>]}
[0m18:06:53.294464 [info ] [Thread-1 (]: 2 of 4 OK created sql incremental model public.fct_events ...................... [[32mINSERT 0 3[0m in 0.30s]
[0m18:06:53.296806 [debug] [Thread-1 (]: Finished running node model.demo_project.fct_events
[0m18:06:53.298611 [debug] [Thread-1 (]: Began running node model.demo_project.hello_dbt
[0m18:06:53.301479 [info ] [Thread-1 (]: 3 of 4 START sql table model public.hello_dbt .................................. [RUN]
[0m18:06:53.302947 [debug] [Thread-1 (]: Re-using an available connection from the pool (formerly model.demo_project.fct_events, now model.demo_project.hello_dbt)
[0m18:06:53.303979 [debug] [Thread-1 (]: Began compiling node model.demo_project.hello_dbt
[0m18:06:53.306123 [debug] [Thread-1 (]: Writing injected SQL for node "model.demo_project.hello_dbt"
[0m18:06:53.313096 [debug] [Thread-1 (]: Began executing node model.demo_project.hello_dbt
[0m18:06:53.319465 [debug] [Thread-1 (]: Writing runtime sql for node "model.demo_project.hello_dbt"
[0m18:06:53.327185 [debug] [Thread-1 (]: Using postgres connection "model.demo_project.hello_dbt"
[0m18:06:53.328789 [debug] [Thread-1 (]: On model.demo_project.hello_dbt: BEGIN
[0m18:06:53.330314 [debug] [Thread-1 (]: Opening a new connection, currently in state closed
[0m18:06:53.339050 [debug] [Thread-1 (]: SQL status: BEGIN in 0.009 seconds
[0m18:06:53.340391 [debug] [Thread-1 (]: Using postgres connection "model.demo_project.hello_dbt"
[0m18:06:53.341569 [debug] [Thread-1 (]: On model.demo_project.hello_dbt: /* {"app": "dbt", "dbt_version": "1.8.7", "profile_name": "demo_project", "target_name": "dev", "node_id": "model.demo_project.hello_dbt"} */

  
    

  create  table "analytics"."public"."hello_dbt__dbt_tmp"
  
  
    as
  
  (
    select
    'hello from dbt running in Docker Desktop' as message,
    current_timestamp as generated_at
  );
  
[0m18:06:53.349524 [debug] [Thread-1 (]: SQL status: SELECT 1 in 0.007 seconds
[0m18:06:53.353913 [debug] [Thread-1 (]: Using postgres connection "model.demo_project.hello_dbt"
[0m18:06:53.355095 [debug] [Thread-1 (]: On model.demo_project.hello_dbt: /* {"app": "dbt", "dbt_version": "1.8.7", "profile_name": "demo_project", "target_name": "dev", "node_id": "model.demo_project.hello_dbt"} */
alter table "analytics"."public"."hello_dbt" rename to "hello_dbt__dbt_backup"
[0m18:06:53.356564 [debug] [Thread-1 (]: SQL status: ALTER TABLE in 0.000 seconds
[0m18:06:53.360719 [debug] [Thread-1 (]: Using postgres connection "model.demo_project.hello_dbt"
[0m18:06:53.361748 [debug] [Thread-1 (]: On model.demo_project.hello_dbt: /* {"app": "dbt", "dbt_version": "1.8.7", "profile_name": "demo_project", "target_name": "dev", "node_id": "model.demo_project.hello_dbt"} */
alter table "analytics"."public"."hello_dbt__dbt_tmp" rename to "hello_dbt"
[0m18:06:53.362957 [debug] [Thread-1 (]: SQL status: ALTER TABLE in 0.000 seconds
[0m18:06:53.365488 [debug] [Thread-1 (]: On model.demo_project.hello_dbt: COMMIT
[0m18:06:53.366473 [debug] [Thread-1 (]: Using postgres connection "model.demo_project.hello_dbt"
[0m18:06:53.367397 [debug] [Thread-1 (]: On model.demo_project.hello_dbt: COMMIT
[0m18:06:53.369969 [debug] [Thread-1 (]: SQL status: COMMIT in 0.002 seconds
[0m18:06:53.374359 [debug] [Thread-1 (]: Applying DROP to: "analytics"."public"."hello_dbt__dbt_backup"
[0m18:06:53.376041 [debug] [Thread-1 (]: Using postgres connection "model.demo_project.hello_dbt"
[0m18:06:53.377112 [debug] [Thread-1 (]: On model.demo_project.hello_dbt: /* {"app": "dbt", "dbt_version": "1.8.7", "profile_name": "demo_project", "target_name": "dev", "node_id": "model.demo_project.hello_dbt"} */
drop table if exists "analytics"."public"."hello_dbt__dbt_backup" cascade
[0m18:06:53.380377 [debug] [Thread-1 (]: SQL status: DROP TABLE in 0.002 seconds
[0m18:06:53.382585 [debug] [Thread-1 (]: On model.demo_project.hello_dbt: Close
[0m18:06:53.383869 [debug] [Thread-1 (]: Sending event: {'category': 'dbt', 'action': 'run_model', 'label': '98493b53-264d-48c4-ac05-987f9e968e76', 'context': [<snowplow_tracker.self_describing_json.SelfDescribingJson object at 0x7f0c92108f80>]}
[0m18:06:53.385299 [info ] [Thread-1 (]: 3 of 4 OK created sql table model public.hello_dbt ............................. [[32mSELECT 1[0m in 0.08s]
[0m18:06:53.386867 [debug] [Thread-1 (]: Finished running node model.demo_project.hello_dbt
[0m18:06:53.387965 [debug] [Thread-1 (]: Began running node model.demo_project.fct_events_enriched
[0m18:06:53.390366 [info ] [Thread-1 (]: 4 of 4 START sql incremental model public.fct_events_enriched .................. [RUN]
[0m18:06:53.391648 [debug] [Thread-1 (]: Re-using an available connection from the pool (formerly model.demo_project.hello_dbt, now model.demo_project.fct_events_enriched)
[0m18:06:53.392642 [debug] [Thread-1 (]: Began compiling node model.demo_project.fct_events_enriched
[0m18:06:53.396626 [debug] [Thread-1 (]: Writing injected SQL for node "model.demo_project.fct_events_enriched"
[0m18:06:53.402702 [debug] [Thread-1 (]: Began executing node model.demo_project.fct_events_enriched
[0m18:06:53.410074 [debug] [Thread-1 (]: Using postgres connection "model.demo_project.fct_events_enriched"
[0m18:06:53.411467 [debug] [Thread-1 (]: On model.demo_project.fct_events_enriched: /* {"app": "dbt", "dbt_version": "1.8.7", "profile_name": "demo_project", "target_name": "dev", "node_id": "model.demo_project.fct_events_enriched"} */

    
  
    

  create temporary table "fct_events_enriched__dbt_tmp180653407738"
  
  
    as
  
  (
    

select
    events.event_id,
    events.event_type,
    types.event_type_label,
    events.occurred_at
from "analytics"."public"."fct_events" as events
left join "analytics"."public"."dim_event_types" as types
    on events.event_type = types.event_type


  where events.occurred_at > (select max(occurred_at) from "analytics"."public"."fct_events_enriched")

  );
  
  
[0m18:06:53.412907 [debug] [Thread-1 (]: Opening a new connection, currently in state closed
[0m18:06:53.426859 [debug] [Thread-1 (]: SQL status: SELECT 3 in 0.014 seconds
[0m18:06:53.431181 [debug] [Thread-1 (]: Using postgres connection "model.demo_project.fct_events_enriched"
[0m18:06:53.432654 [debug] [Thread-1 (]: On model.demo_project.fct_events_enriched: BEGIN
[0m18:06:53.435419 [debug] [Thread-1 (]: SQL status: BEGIN in 0.000 seconds
[0m18:06:53.436760 [debug] [Thread-1 (]: Using postgres connection "model.demo_project.fct_events_enriched"
[0m18:06:53.437908 [debug] [Thread-1 (]: On model.demo_project.fct_events_enriched: /* {"app": "dbt", "dbt_version": "1.8.7", "profile_name": "demo_project", "target_name": "dev", "node_id": "model.demo_project.fct_events_enriched"} */

      select
          column_name,
          data_type,
          character_maximum_length,
          numeric_precision,
          numeric_scale

      from INFORMATION_SCHEMA.columns
      where table_name = 'fct_events_enriched__dbt_tmp180653407738'
        
      order by ordinal_position

  
[0m18:06:53.445245 [debug] [Thread-1 (]: SQL status: SELECT 4 in 0.006 seconds
[0m18:06:53.450283 [debug] [Thread-1 (]: Using postgres connection "model.demo_project.fct_events_enriched"
[0m18:06:53.451597 [debug] [Thread-1 (]: On model.demo_project.fct_events_enriched: /* {"app": "dbt", "dbt_version": "1.8.7", "profile_name": "demo_project", "target_name": "dev", "node_id": "model.demo_project.fct_events_enriched"} */

      select
          column_name,
          data_type,
          character_maximum_length,
          numeric_precision,
          numeric_scale

      from "analytics".INFORMATION_SCHEMA.columns
      where table_name = 'fct_events_enriched'
        
        and table_schema = 'public'
        
      order by ordinal_position

  
[0m18:06:53.455287 [debug] [Thread-1 (]: SQL status: SELECT 4 in 0.003 seconds
[0m18:06:53.460887 [debug] [Thread-1 (]: Using postgres connection "model.demo_project.fct_events_enriched"
[0m18:06:53.462084 [debug] [Thread-1 (]: On model.demo_project.fct_events_enriched: /* {"app": "dbt", "dbt_version": "1.8.7", "profile_name": "demo_project", "target_name": "dev", "node_id": "model.demo_project.fct_events_enriched"} */

      select
          column_name,
          data_type,
          character_maximum_length,
          numeric_precision,
          numeric_scale

      from "analytics".INFORMATION_SCHEMA.columns
      where table_name = 'fct_events_enriched'
        
        and table_schema = 'public'
        
      order by ordinal_position

  
[0m18:06:53.466505 [debug] [Thread-1 (]: SQL status: SELECT 4 in 0.003 seconds
[0m18:06:53.470111 [debug] [Thread-1 (]: Writing runtime sql for node "model.demo_project.fct_events_enriched"
[0m18:06:53.477613 [debug] [Thread-1 (]: Using postgres connection "model.demo_project.fct_events_enriched"
[0m18:06:53.478974 [debug] [Thread-1 (]: On model.demo_project.fct_events_enriched: /* {"app": "dbt", "dbt_version": "1.8.7", "profile_name": "demo_project", "target_name": "dev", "node_id": "model.demo_project.fct_events_enriched"} */

      
        
            delete from "analytics"."public"."fct_events_enriched"
            where (
                event_id) in (
                select (event_id)
                from "fct_events_enriched__dbt_tmp180653407738"
            );

        
    

    insert into "analytics"."public"."fct_events_enriched" ("event_id", "event_type", "event_type_label", "occurred_at")
    (
        select "event_id", "event_type", "event_type_label", "occurred_at"
        from "fct_events_enriched__dbt_tmp180653407738"
    )
  
[0m18:06:53.481170 [debug] [Thread-1 (]: SQL status: INSERT 0 3 in 0.001 seconds
[0m18:06:53.483322 [debug] [Thread-1 (]: On model.demo_project.fct_events_enriched: COMMIT
[0m18:06:53.484399 [debug] [Thread-1 (]: Using postgres connection "model.demo_project.fct_events_enriched"
[0m18:06:53.485407 [debug] [Thread-1 (]: On model.demo_project.fct_events_enriched: COMMIT
[0m18:06:53.487898 [debug] [Thread-1 (]: SQL status: COMMIT in 0.001 seconds
[0m18:06:53.489566 [debug] [Thread-1 (]: On model.demo_project.fct_events_enriched: Close
[0m18:06:53.490835 [debug] [Thread-1 (]: Sending event: {'category': 'dbt', 'action': 'run_model', 'label': '98493b53-264d-48c4-ac05-987f9e968e76', 'context': [<snowplow_tracker.self_describing_json.SelfDescribingJson object at 0x7f0c921c7740>]}
[0m18:06:53.492192 [info ] [Thread-1 (]: 4 of 4 OK created sql incremental model public.fct_events_enriched ............. [[32mINSERT 0 3[0m in 0.10s]
[0m18:06:53.493889 [debug] [Thread-1 (]: Finished running node model.demo_project.fct_events_enriched
[0m18:06:53.496524 [debug] [MainThread]: Using postgres connection "master"
[0m18:06:53.497492 [debug] [MainThread]: On master: BEGIN
[0m18:06:53.498341 [debug] [MainThread]: Opening a new connection, currently in state closed
[0m18:06:53.505994 [debug] [MainThread]: SQL status: BEGIN in 0.008 seconds
[0m18:06:53.507094 [debug] [MainThread]: On master: COMMIT
[0m18:06:53.508147 [debug] [MainThread]: Using postgres connection "master"
[0m18:06:53.509820 [debug] [MainThread]: On master: COMMIT
[0m18:06:53.510982 [debug] [MainThread]: SQL status: COMMIT in 0.000 seconds
[0m18:06:53.511903 [debug] [MainThread]: On master: Close
[0m18:06:53.512959 [debug] [MainThread]: Connection 'master' was properly closed.
[0m18:06:53.513876 [debug] [MainThread]: Connection 'model.demo_project.fct_events_enriched' was properly closed.
[0m18:06:53.514887 [info ] [MainThread]: 
[0m18:06:53.515857 [info ] [MainThread]: Finished running 2 table models, 2 incremental models in 0 hours 0 minutes and 0.82 seconds (0.82s).
[0m18:06:53.517507 [debug] [MainThread]: Command end result
[0m18:06:53.564084 [info ] [MainThread]: 
[0m18:06:53.565495 [info ] [MainThread]: [32mCompleted successfully[0m
[0m18:06:53.566483 [info ] [MainThread]: 
[0m18:06:53.567550 [info ] [MainThread]: Done. PASS=4 WARN=0 ERROR=0 SKIP=0 TOTAL=4
[0m18:06:53.569496 [debug] [MainThread]: Resource report: {"command_name": "run", "command_success": true, "command_wall_clock_time": 1.6922396, "process_user_time": 3.468168, "process_kernel_time": 0.306014, "process_mem_max_rss": "158096", "process_in_blocks": "0", "process_out_blocks": "0"}
[0m18:06:53.570672 [debug] [MainThread]: Command `dbt run` succeeded at 18:06:53.570527 after 1.69 seconds
[0m18:06:53.571551 [debug] [MainThread]: Sending event: {'category': 'dbt', 'action': 'invocation', 'label': 'end', 'context': [<snowplow_tracker.self_describing_json.SelfDescribingJson object at 0x7f0c9550f350>, <snowplow_tracker.self_describing_json.SelfDescribingJson object at 0x7f0c92d26660>, <snowplow_tracker.self_describing_json.SelfDescribingJson object at 0x7f0c92d25d00>]}
[0m18:06:53.572431 [debug] [MainThread]: Flushing usage events
[0m18:06:56.669806 [debug] [MainThread]: Sending event: {'category': 'dbt', 'action': 'invocation', 'label': 'start', 'context': [<snowplow_tracker.self_describing_json.SelfDescribingJson object at 0x77d629663020>, <snowplow_tracker.self_describing_json.SelfDescribingJson object at 0x77d629663140>, <snowplow_tracker.self_describing_json.SelfDescribingJson object at 0x77d629660e00>]}


============================== 18:06:56.676392 | 88c2d514-3d4a-4e5f-b1fe-37ca907b317c ==============================
[0m18:06:56.676392 [info ] [MainThread]: Running with dbt=1.8.7
[0m18:06:56.677343 [debug] [MainThread]: running dbt with arguments {'printer_width': '80', 'indirect_selection': 'eager', 'write_json': 'True', 'log_cache_events': 'False', 'partial_parse': 'True', 'cache_selected_only': 'False', 'profiles_dir': '/opt/airflow/dbt/profiles', 'debug': 'False', 'fail_fast': 'False', 'log_path': '/opt/airflow/dbt/logs', 'warn_error': 'None', 'version_check': 'True', 'use_colors': 'True', 'use_experimental_parser': 'False', 'empty': 'None', 'quiet': 'False', 'no_print': 'None', 'log_format': 'default', 'introspect': 'True', 'static_parser': 'True', 'invocation_command': 'dbt test', 'target_path': 'None', 'warn_error_options': 'WarnErrorOptions(include=[], exclude=[])', 'send_anonymous_usage_stats': 'True'}
[0m18:06:56.864461 [debug] [MainThread]: Sending event: {'category': 'dbt', 'action': 'project_id', 'label': '88c2d514-3d4a-4e5f-b1fe-37ca907b317c', 'context': [<snowplow_tracker.self_describing_json.SelfDescribingJson object at 0x77d6291878c0>]}
[0m18:06:56.924367 [debug] [MainThread]: Sending event: {'category': 'dbt', 'action': 'adapter_info', 'label': '88c2d514-3d4a-4e5f-b1fe-37ca907b317c', 'context': [<snowplow_tracker.self_describing_json.SelfDescribingJson object at 0x77d62a5a2480>]}
[0m18:06:56.925999 [info ] [MainThread]: Registered adapter: postgres=1.8.2
[0m18:06:57.013891 [debug] [MainThread]: checksum: 4af21dafb485259c48497ac86b711ddb1982f3d0f1c0ca4e09356de488b753c0, vars: {}, profile: , target: , version: 1.8.7
[0m18:06:57.187956 [debug] [MainThread]: Partial parsing enabled: 0 files deleted, 0 files added, 0 files changed.
[0m18:06:57.189122 [debug] [MainThread]: Partial parsing enabled, no changes found, skipping parsing
[0m18:06:57.237003 [debug] [MainThread]: Sending event: {'category': 'dbt', 'action': 'load_project', 'label': '88c2d514-3d4a-4e5f-b1fe-37ca907b317c', 'context': [<snowplow_tracker.self_describing_json.SelfDescribingJson object at 0x77d627d87830>]}
[0m18:06:57.380837 [debug] [MainThread]: Sending event: {'category': 'dbt', 'action': 'resource_counts', 'label': '88c2d514-3d4a-4e5f-b1fe-37ca907b317c', 'context': [<snowplow_tracker.self_describing_json.SelfDescribingJson object at 0x77d6279d21b0>]}
[0m18:06:57.382405 [info ] [MainThread]: Found 4 models, 12 data tests, 1 source, 428 macros
[0m18:06:57.383738 [debug] [MainThread]: Sending event: {'category': 'dbt', 'action': 'runnable_timing', 'label': '88c2d514-3d4a-4e5f-b1fe-37ca907b317c', 'context': [<snowplow_tracker.self_describing_json.SelfDescribingJson object at 0x77d6289ccb30>]}
[0m18:06:57.388045 [info ] [MainThread]: 
[0m18:06:57.389806 [debug] [MainThread]: Acquiring new postgres connection 'master'
[0m18:06:57.395458 [debug] [ThreadPool]: Acquiring new postgres connection 'list_analytics_public'
[0m18:06:57.443041 [debug] [ThreadPool]: Using postgres connection "list_analytics_public"
[0m18:06:57.444533 [debug] [ThreadPool]: On list_analytics_public: BEGIN
[0m18:06:57.445762 [debug] [ThreadPool]: Opening a new connection, currently in state init
[0m18:06:57.454533 [debug] [ThreadPool]: SQL status: BEGIN in 0.009 seconds
[0m18:06:57.455580 [debug] [ThreadPool]: Using postgres connection "list_analytics_public"
[0m18:06:57.456450 [debug] [ThreadPool]: On list_analytics_public: /* {"app": "dbt", "dbt_version": "1.8.7", "profile_name": "demo_project", "target_name": "dev", "connection_name": "list_analytics_public"} */
select
      'analytics' as database,
      tablename as name,
      schemaname as schema,
      'table' as type
    from pg_tables
    where schemaname ilike 'public'
    union all
    select
      'analytics' as database,
      viewname as name,
      schemaname as schema,
      'view' as type
    from pg_views
    where schemaname ilike 'public'
    union all
    select
      'analytics' as database,
      matviewname as name,
      schemaname as schema,
      'materialized_view' as type
    from pg_matviews
    where schemaname ilike 'public'
  
[0m18:06:57.459470 [debug] [ThreadPool]: SQL status: SELECT 5 in 0.002 seconds
[0m18:06:57.461638 [debug] [ThreadPool]: On list_analytics_public: ROLLBACK
[0m18:06:57.462749 [debug] [ThreadPool]: On list_analytics_public: Close
[0m18:06:57.469009 [debug] [MainThread]: Using postgres connection "master"
[0m18:06:57.470295 [debug] [MainThread]: On master: BEGIN
[0m18:06:57.471271 [debug] [MainThread]: Opening a new connection, currently in state init
[0m18:06:57.480759 [debug] [MainThread]: SQL status: BEGIN in 0.009 seconds
[0m18:06:57.482215 [debug] [MainThread]: Using postgres connection "master"
[0m18:06:57.483337 [debug] [MainThread]: On master: /* {"app": "dbt", "dbt_version": "1.8.7", "profile_name": "demo_project", "target_name": "dev", "connection_name": "master"} */
with relation as (
        select
            pg_rewrite.ev_class as class,
            pg_rewrite.oid as id
        from pg_rewrite
    ),
    class as (
        select
            oid as id,
            relname as name,
            relnamespace as schema,
            relkind as kind
        from pg_class
    ),
    dependency as (
        select distinct
            pg_depend.objid as id,
            pg_depend.refobjid as ref
        from pg_depend
    ),
    schema as (
        select
            pg_namespace.oid as id,
            pg_namespace.nspname as name
        from pg_namespace
        where nspname != 'information_schema' and nspname not like 'pg\_%'
    ),
    referenced as (
        select
            relation.id AS id,
            referenced_class.name ,
            referenced_class.schema ,
            referenced_class.kind
        from relation
        join class as referenced_class on relation.class=referenced_class.id
        where referenced_class.kind in ('r', 'v', 'm')
    ),
    relationships as (
        select
            referenced.name as referenced_name,
            referenced.schema as referenced_schema_id,
            dependent_class.name as dependent_name,
            dependent_class.schema as dependent_schema_id,
            referenced.kind as kind
        from referenced
        join dependency on referenced.id=dependency.id
        join class as dependent_class on dependency.ref=dependent_class.id
        where
            (referenced.name != dependent_class.name or
             referenced.schema != dependent_class.schema)
    )

    select
        referenced_schema.name as referenced_schema,
        relationships.referenced_name as referenced_name,
        dependent_schema.name as dependent_schema,
        relationships.dependent_name as dependent_name
    from relationships
    join schema as dependent_schema on relationships.dependent_schema_id=dependent_schema.id
    join schema as referenced_schema on relationships.referenced_schema_id=referenced_schema.id
    group by referenced_schema, referenced_name, dependent_schema, dependent_name
    order by referenced_schema, referenced_name, dependent_schema, dependent_name;
[0m18:06:57.489150 [debug] [MainThread]: SQL status: SELECT 0 in 0.004 seconds
[0m18:06:57.491471 [debug] [MainThread]: Sending event: {'category': 'dbt', 'action': 'runnable_timing', 'label': '88c2d514-3d4a-4e5f-b1fe-37ca907b317c', 'context': [<snowplow_tracker.self_describing_json.SelfDescribingJson object at 0x77d628938ef0>]}
[0m18:06:57.492850 [debug] [MainThread]: On master: ROLLBACK
[0m18:06:57.494079 [debug] [MainThread]: Using postgres connection "master"
[0m18:06:57.495045 [debug] [MainThread]: On master: BEGIN
[0m18:06:57.496324 [debug] [MainThread]: SQL status: BEGIN in 0.000 seconds
[0m18:06:57.497328 [debug] [MainThread]: On master: COMMIT
[0m18:06:57.498813 [debug] [MainThread]: Using postgres connection "master"
[0m18:06:57.500949 [debug] [MainThread]: On master: COMMIT
[0m18:06:57.502356 [debug] [MainThread]: SQL status: COMMIT in 0.000 seconds
[0m18:06:57.503312 [debug] [MainThread]: On master: Close
[0m18:06:57.504439 [info ] [MainThread]: Concurrency: 1 threads (target='dev')
[0m18:06:57.505609 [info ] [MainThread]: 
[0m18:06:57.515488 [debug] [Thread-1 (]: Began running node test.demo_project.not_null_dim_event_types_event_type.3d37fe4460
[0m18:06:57.516632 [info ] [Thread-1 (]: 1 of 12 START test not_null_dim_event_types_event_type ......................... [RUN]
[0m18:06:57.517700 [debug] [Thread-1 (]: Re-using an available connection from the pool (formerly list_analytics_public, now test.demo_project.not_null_dim_event_types_event_type.3d37fe4460)
[0m18:06:57.518544 [debug] [Thread-1 (]: Began compiling node test.demo_project.not_null_dim_event_types_event_type.3d37fe4460
[0m18:06:57.534373 [debug] [Thread-1 (]: Writing injected SQL for node "test.demo_project.not_null_dim_event_types_event_type.3d37fe4460"
[0m18:06:57.541379 [debug] [Thread-1 (]: Began executing node test.demo_project.not_null_dim_event_types_event_type.3d37fe4460
[0m18:06:57.555754 [debug] [Thread-1 (]: Writing runtime sql for node "test.demo_project.not_null_dim_event_types_event_type.3d37fe4460"
[0m18:06:57.565343 [debug] [Thread-1 (]: Using postgres connection "test.demo_project.not_null_dim_event_types_event_type.3d37fe4460"
[0m18:06:57.566398 [debug] [Thread-1 (]: On test.demo_project.not_null_dim_event_types_event_type.3d37fe4460: BEGIN
[0m18:06:57.567261 [debug] [Thread-1 (]: Opening a new connection, currently in state closed
[0m18:06:57.575172 [debug] [Thread-1 (]: SQL status: BEGIN in 0.008 seconds
[0m18:06:57.576322 [debug] [Thread-1 (]: Using postgres connection "test.demo_project.not_null_dim_event_types_event_type.3d37fe4460"
[0m18:06:57.577299 [debug] [Thread-1 (]: On test.demo_project.not_null_dim_event_types_event_type.3d37fe4460: /* {"app": "dbt", "dbt_version": "1.8.7", "profile_name": "demo_project", "target_name": "dev", "node_id": "test.demo_project.not_null_dim_event_types_event_type.3d37fe4460"} */
select
      count(*) as failures,
      count(*) != 0 as should_warn,
      count(*) != 0 as should_error
    from (
      
    
    



select event_type
from "analytics"."public"."dim_event_types"
where event_type is null



      
    ) dbt_internal_test
[0m18:06:57.578849 [debug] [Thread-1 (]: SQL status: SELECT 1 in 0.001 seconds
[0m18:06:57.582966 [debug] [Thread-1 (]: On test.demo_project.not_null_dim_event_types_event_type.3d37fe4460: ROLLBACK
[0m18:06:57.584265 [debug] [Thread-1 (]: On test.demo_project.not_null_dim_event_types_event_type.3d37fe4460: Close
[0m18:06:57.585635 [info ] [Thread-1 (]: 1 of 12 PASS not_null_dim_event_types_event_type ............................... [[32mPASS[0m in 0.07s]
[0m18:06:57.587071 [debug] [Thread-1 (]: Finished running node test.demo_project.not_null_dim_event_types_event_type.3d37fe4460
[0m18:06:57.588437 [debug] [Thread-1 (]: Began running node test.demo_project.not_null_dim_event_types_event_type_label.56e80c7159
[0m18:06:57.590169 [info ] [Thread-1 (]: 2 of 12 START test not_null_dim_event_types_event_type_label ................... [RUN]
[0m18:06:57.591396 [debug] [Thread-1 (]: Re-using an available connection from the pool (formerly test.demo_project.not_null_dim_event_types_event_type.3d37fe4460, now test.demo_project.not_null_dim_event_types_event_type_label.56e80c7159)
[0m18:06:57.592271 [debug] [Thread-1 (]: Began compiling node test.demo_project.not_null_dim_event_types_event_type_label.56e80c7159
[0m18:06:57.596094 [debug] [Thread-1 (]: Writing injected SQL for node "test.demo_project.not_null_dim_event_types_event_type_label.56e80c7159"
[0m18:06:57.604442 [debug] [Thread-1 (]: Began executing node test.demo_project.not_null_dim_event_types_event_type_label.56e80c7159
[0m18:06:57.608677 [debug] [Thread-1 (]: Writing runtime sql for node "test.demo_project.not_null_dim_event_types_event_type_label.56e80c7159"
[0m18:06:57.617008 [debug] [Thread-1 (]: Using postgres connection "test.demo_project.not_null_dim_event_types_event_type_label.56e80c7159"
[0m18:06:57.618013 [debug] [Thread-1 (]: On test.demo_project.not_null_dim_event_types_event_type_label.56e80c7159: BEGIN
[0m18:06:57.619928 [debug] [Thread-1 (]: Opening a new connection, currently in state closed
[0m18:06:57.627562 [debug] [Thread-1 (]: SQL status: BEGIN in 0.008 seconds
[0m18:06:57.628659 [debug] [Thread-1 (]: Using postgres connection "test.demo_project.not_null_dim_event_types_event_type_label.56e80c7159"
[0m18:06:57.629723 [debug] [Thread-1 (]: On test.demo_project.not_null_dim_event_types_event_type_label.56e80c7159: /* {"app": "dbt", "dbt_version": "1.8.7", "profile_name": "demo_project", "target_name": "dev", "node_id": "test.demo_project.not_null_dim_event_types_event_type_label.56e80c7159"} */
select
      count(*) as failures,
      count(*) != 0 as should_warn,
      count(*) != 0 as should_error
    from (
      
    
    



select event_type_label
from "analytics"."public"."dim_event_types"
where event_type_label is null



      
    ) dbt_internal_test
[0m18:06:57.631191 [debug] [Thread-1 (]: SQL status: SELECT 1 in 0.001 seconds
[0m18:06:57.633269 [debug] [Thread-1 (]: On test.demo_project.not_null_dim_event_types_event_type_label.56e80c7159: ROLLBACK
[0m18:06:57.634690 [debug] [Thread-1 (]: On test.demo_project.not_null_dim_event_types_event_type_label.56e80c7159: Close
[0m18:06:57.636002 [info ] [Thread-1 (]: 2 of 12 PASS not_null_dim_event_types_event_type_label ......................... [[32mPASS[0m in 0.04s]
[0m18:06:57.637427 [debug] [Thread-1 (]: Finished running node test.demo_project.not_null_dim_event_types_event_type_label.56e80c7159
[0m18:06:57.638461 [debug] [Thread-1 (]: Began running node test.demo_project.not_null_fct_events_enriched_event_id.fe5b63d652
[0m18:06:57.639328 [info ] [Thread-1 (]: 3 of 12 START test not_null_fct_events_enriched_event_id ....................... [RUN]
[0m18:06:57.640340 [debug] [Thread-1 (]: Re-using an available connection from the pool (formerly test.demo_project.not_null_dim_event_types_event_type_label.56e80c7159, now test.demo_project.not_null_fct_events_enriched_event_id.fe5b63d652)
[0m18:06:57.641165 [debug] [Thread-1 (]: Began compiling node test.demo_project.not_null_fct_events_enriched_event_id.fe5b63d652
[0m18:06:57.645038 [debug] [Thread-1 (]: Writing injected SQL for node "test.demo_project.not_null_fct_events_enriched_event_id.fe5b63d652"
[0m18:06:57.652588 [debug] [Thread-1 (]: Began executing node test.demo_project.not_null_fct_events_enriched_event_id.fe5b63d652
[0m18:06:57.654968 [debug] [Thread-1 (]: Writing runtime sql for node "test.demo_project.not_null_fct_events_enriched_event_id.fe5b63d652"
[0m18:06:57.661219 [debug] [Thread-1 (]: Using postgres connection "test.demo_project.not_null_fct_events_enriched_event_id.fe5b63d652"
[0m18:06:57.662170 [debug] [Thread-1 (]: On test.demo_project.not_null_fct_events_enriched_event_id.fe5b63d652: BEGIN
[0m18:06:57.662987 [debug] [Thread-1 (]: Opening a new connection, currently in state closed
[0m18:06:57.670734 [debug] [Thread-1 (]: SQL status: BEGIN in 0.008 seconds
[0m18:06:57.671751 [debug] [Thread-1 (]: Using postgres connection "test.demo_project.not_null_fct_events_enriched_event_id.fe5b63d652"
[0m18:06:57.672640 [debug] [Thread-1 (]: On test.demo_project.not_null_fct_events_enriched_event_id.fe5b63d652: /* {"app": "dbt", "dbt_version": "1.8.7", "profile_name": "demo_project", "target_name": "dev", "node_id": "test.demo_project.not_null_fct_events_enriched_event_id.fe5b63d652"} */
select
      count(*) as failures,
      count(*) != 0 as should_warn,
      count(*) != 0 as should_error
    from (
      
    
    



select event_id
from "analytics"."public"."fct_events_enriched"
where event_id is null



      
    ) dbt_internal_test
[0m18:06:57.674128 [debug] [Thread-1 (]: SQL status: SELECT 1 in 0.001 seconds
[0m18:06:57.676161 [debug] [Thread-1 (]: On test.demo_project.not_null_fct_events_enriched_event_id.fe5b63d652: ROLLBACK
[0m18:06:57.677314 [debug] [Thread-1 (]: On test.demo_project.not_null_fct_events_enriched_event_id.fe5b63d652: Close
[0m18:06:57.678908 [info ] [Thread-1 (]: 3 of 12 PASS not_null_fct_events_enriched_event_id ............................. [[32mPASS[0m in 0.04s]
[0m18:06:57.681032 [debug] [Thread-1 (]: Finished running node test.demo_project.not_null_fct_events_enriched_event_id.fe5b63d652
[0m18:06:57.682144 [debug] [Thread-1 (]: Began running node test.demo_project.not_null_fct_events_enriched_event_type.5eabce7c5a
[0m18:06:57.683070 [info ] [Thread-1 (]: 4 of 12 START test not_null_fct_events_enriched_event_type ..................... [RUN]
[0m18:06:57.684128 [debug] [Thread-1 (]: Re-using an available connection from the pool (formerly test.demo_project.not_null_fct_events_enriched_event_id.fe5b63d652, now test.demo_project.not_null_fct_events_enriched_event_type.5eabce7c5a)
[0m18:06:57.685053 [debug] [Thread-1 (]: Began compiling node test.demo_project.not_null_fct_events_enriched_event_type.5eabce7c5a
[0m18:06:57.689204 [debug] [Thread-1 (]: Writing injected SQL for node "test.demo_project.not_null_fct_events_enriched_event_type.5eabce7c5a"
[0m18:06:57.697581 [debug] [Thread-1 (]: Began executing node test.demo_project.not_null_fct_events_enriched_event_type.5eabce7c5a
[0m18:06:57.701466 [debug] [Thread-1 (]: Writing runtime sql for node "test.demo_project.not_null_fct_events_enriched_event_type.5eabce7c5a"
[0m18:06:57.709222 [debug] [Thread-1 (]: Using postgres connection "test.demo_project.not_null_fct_events_enriched_event_type.5eabce7c5a"
[0m18:06:57.710687 [debug] [Thread-1 (]: On test.demo_project.not_null_fct_events_enriched_event_type.5eabce7c5a: BEGIN
[0m18:06:57.711600 [debug] [Thread-1 (]: Opening a new connection, currently in state closed
[0m18:06:57.719480 [debug] [Thread-1 (]: SQL status: BEGIN in 0.008 seconds
[0m18:06:57.720695 [debug] [Thread-1 (]: Using postgres connection "test.demo_project.not_null_fct_events_enriched_event_type.5eabce7c5a"
[0m18:06:57.721529 [debug] [Thread-1 (]: On test.demo_project.not_null_fct_events_enriched_event_type.5eabce7c5a: /* {"app": "dbt", "dbt_version": "1.8.7", "profile_name": "demo_project", "target_name": "dev", "node_id": "test.demo_project.not_null_fct_events_enriched_event_type.5eabce7c5a"} */
select
      count(*) as failures,
      count(*) != 0 as should_warn,
      count(*) != 0 as should_error
    from (
      
    
    



select event_type
from "analytics"."public"."fct_events_enriched"
where event_type is null



      
    ) dbt_internal_test
[0m18:06:57.723104 [debug] [Thread-1 (]: SQL status: SELECT 1 in 0.001 seconds
[0m18:06:57.725838 [debug] [Thread-1 (]: On test.demo_project.not_null_fct_events_enriched_event_type.5eabce7c5a: ROLLBACK
[0m18:06:57.727056 [debug] [Thread-1 (]: On test.demo_project.not_null_fct_events_enriched_event_type.5eabce7c5a: Close
[0m18:06:57.728457 [info ] [Thread-1 (]: 4 of 12 PASS not_null_fct_events_enriched_event_type ........................... [[32mPASS[0m in 0.04s]
[0m18:06:57.729913 [debug] [Thread-1 (]: Finished running node test.demo_project.not_null_fct_events_enriched_event_type.5eabce7c5a
[0m18:06:57.730927 [debug] [Thread-1 (]: Began running node test.demo_project.not_null_fct_events_enriched_event_type_label.b68120b610
[0m18:06:57.731800 [info ] [Thread-1 (]: 5 of 12 START test not_null_fct_events_enriched_event_type_label ............... [RUN]
[0m18:06:57.733014 [debug] [Thread-1 (]: Re-using an available connection from the pool (formerly test.demo_project.not_null_fct_events_enriched_event_type.5eabce7c5a, now test.demo_project.not_null_fct_events_enriched_event_type_label.b68120b610)
[0m18:06:57.733870 [debug] [Thread-1 (]: Began compiling node test.demo_project.not_null_fct_events_enriched_event_type_label.b68120b610
[0m18:06:57.739344 [debug] [Thread-1 (]: Writing injected SQL for node "test.demo_project.not_null_fct_events_enriched_event_type_label.b68120b610"
[0m18:06:57.746737 [debug] [Thread-1 (]: Began executing node test.demo_project.not_null_fct_events_enriched_event_type_label.b68120b610
[0m18:06:57.749277 [debug] [Thread-1 (]: Writing runtime sql for node "test.demo_project.not_null_fct_events_enriched_event_type_label.b68120b610"
[0m18:06:57.756443 [debug] [Thread-1 (]: Using postgres connection "test.demo_project.not_null_fct_events_enriched_event_type_label.b68120b610"
[0m18:06:57.757407 [debug] [Thread-1 (]: On test.demo_project.not_null_fct_events_enriched_event_type_label.b68120b610: BEGIN
[0m18:06:57.758252 [debug] [Thread-1 (]: Opening a new connection, currently in state closed
[0m18:06:57.765496 [debug] [Thread-1 (]: SQL status: BEGIN in 0.007 seconds
[0m18:06:57.766583 [debug] [Thread-1 (]: Using postgres connection "test.demo_project.not_null_fct_events_enriched_event_type_label.b68120b610"
[0m18:06:57.767471 [debug] [Thread-1 (]: On test.demo_project.not_null_fct_events_enriched_event_type_label.b68120b610: /* {"app": "dbt", "dbt_version": "1.8.7", "profile_name": "demo_project", "target_name": "dev", "node_id": "test.demo_project.not_null_fct_events_enriched_event_type_label.b68120b610"} */
select
      count(*) as failures,
      count(*) != 0 as should_warn,
      count(*) != 0 as should_error
    from (
      
    
    



select event_type_label
from "analytics"."public"."fct_events_enriched"
where event_type_label is null



      
    ) dbt_internal_test
[0m18:06:57.769590 [debug] [Thread-1 (]: SQL status: SELECT 1 in 0.001 seconds
[0m18:06:57.771725 [debug] [Thread-1 (]: On test.demo_project.not_null_fct_events_enriched_event_type_label.b68120b610: ROLLBACK
[0m18:06:57.772996 [debug] [Thread-1 (]: On test.demo_project.not_null_fct_events_enriched_event_type_label.b68120b610: Close
[0m18:06:57.774117 [info ] [Thread-1 (]: 5 of 12 PASS not_null_fct_events_enriched_event_type_label ..................... [[32mPASS[0m in 0.04s]
[0m18:06:57.775580 [debug] [Thread-1 (]: Finished running node test.demo_project.not_null_fct_events_enriched_event_type_label.b68120b610
[0m18:06:57.776680 [debug] [Thread-1 (]: Began running node test.demo_project.not_null_fct_events_enriched_occurred_at.1aa725670c
[0m18:06:57.777504 [info ] [Thread-1 (]: 6 of 12 START test not_null_fct_events_enriched_occurred_at .................... [RUN]
[0m18:06:57.778573 [debug] [Thread-1 (]: Re-using an available connection from the pool (formerly test.demo_project.not_null_fct_events_enriched_event_type_label.b68120b610, now test.demo_project.not_null_fct_events_enriched_occurred_at.1aa725670c)
[0m18:06:57.779422 [debug] [Thread-1 (]: Began compiling node test.demo_project.not_null_fct_events_enriched_occurred_at.1aa725670c
[0m18:06:57.783548 [debug] [Thread-1 (]: Writing injected SQL for node "test.demo_project.not_null_fct_events_enriched_occurred_at.1aa725670c"
[0m18:06:57.790501 [debug] [Thread-1 (]: Began executing node test.demo_project.not_null_fct_events_enriched_occurred_at.1aa725670c
[0m18:06:57.793081 [debug] [Thread-1 (]: Writing runtime sql for node "test.demo_project.not_null_fct_events_enriched_occurred_at.1aa725670c"
[0m18:06:57.800565 [debug] [Thread-1 (]: Using postgres connection "test.demo_project.not_null_fct_events_enriched_occurred_at.1aa725670c"
[0m18:06:57.801639 [debug] [Thread-1 (]: On test.demo_project.not_null_fct_events_enriched_occurred_at.1aa725670c: BEGIN
[0m18:06:57.802518 [debug] [Thread-1 (]: Opening a new connection, currently in state closed
[0m18:06:57.810055 [debug] [Thread-1 (]: SQL status: BEGIN in 0.007 seconds
[0m18:06:57.811316 [debug] [Thread-1 (]: Using postgres connection "test.demo_project.not_null_fct_events_enriched_occurred_at.1aa725670c"
[0m18:06:57.812315 [debug] [Thread-1 (]: On test.demo_project.not_null_fct_events_enriched_occurred_at.1aa725670c: /* {"app": "dbt", "dbt_version": "1.8.7", "profile_name": "demo_project", "target_name": "dev", "node_id": "test.demo_project.not_null_fct_events_enriched_occurred_at.1aa725670c"} */
select
      count(*) as failures,
      count(*) != 0 as should_warn,
      count(*) != 0 as should_error
    from (
      
    
    



select occurred_at
from "analytics"."public"."fct_events_enriched"
where occurred_at is null



      
    ) dbt_internal_test
[0m18:06:57.814181 [debug] [Thread-1 (]: SQL status: SELECT 1 in 0.001 seconds
[0m18:06:57.816203 [debug] [Thread-1 (]: On test.demo_project.not_null_fct_events_enriched_occurred_at.1aa725670c: ROLLBACK
[0m18:06:57.817222 [debug] [Thread-1 (]: On test.demo_project.not_null_fct_events_enriched_occurred_at.1aa725670c: Close
[0m18:06:57.818245 [info ] [Thread-1 (]: 6 of 12 PASS not_null_fct_events_enriched_occurred_at .......................... [[32mPASS[0m in 0.04s]
[0m18:06:57.819439 [debug] [Thread-1 (]: Finished running node test.demo_project.not_null_fct_events_enriched_occurred_at.1aa725670c
[0m18:06:57.820430 [debug] [Thread-1 (]: Began running node test.demo_project.not_null_fct_events_event_id.62d59fe27e
[0m18:06:57.821237 [info ] [Thread-1 (]: 7 of 12 START test not_null_fct_events_event_id ................................ [RUN]
[0m18:06:57.822180 [debug] [Thread-1 (]: Re-using an available connection from the pool (formerly test.demo_project.not_null_fct_events_enriched_occurred_at.1aa725670c, now test.demo_project.not_null_fct_events_event_id.62d59fe27e)
[0m18:06:57.822965 [debug] [Thread-1 (]: Began compiling node test.demo_project.not_null_fct_events_event_id.62d59fe27e
[0m18:06:57.826656 [debug] [Thread-1 (]: Writing injected SQL for node "test.demo_project.not_null_fct_events_event_id.62d59fe27e"
[0m18:06:57.832836 [debug] [Thread-1 (]: Began executing node test.demo_project.not_null_fct_events_event_id.62d59fe27e
[0m18:06:57.835169 [debug] [Thread-1 (]: Writing runtime sql for node "test.demo_project.not_null_fct_events_event_id.62d59fe27e"
[0m18:06:57.841486 [debug] [Thread-1 (]: Using postgres connection "test.demo_project.not_null_fct_events_event_id.62d59fe27e"
[0m18:06:57.842411 [debug] [Thread-1 (]: On test.demo_project.not_null_fct_events_event_id.62d59fe27e: BEGIN
[0m18:06:57.843245 [debug] [Thread-1 (]: Opening a new connection, currently in state closed
[0m18:06:57.850890 [debug] [Thread-1 (]: SQL status: BEGIN in 0.008 seconds
[0m18:06:57.851955 [debug] [Thread-1 (]: Using postgres connection "test.demo_project.not_null_fct_events_event_id.62d59fe27e"
[0m18:06:57.852980 [debug] [Thread-1 (]: On test.demo_project.not_null_fct_events_event_id.62d59fe27e: /* {"app": "dbt", "dbt_version": "1.8.7", "profile_name": "demo_project", "target_name": "dev", "node_id": "test.demo_project.not_null_fct_events_event_id.62d59fe27e"} */
select
      count(*) as failures,
      count(*) != 0 as should_warn,
      count(*) != 0 as should_error
    from (
      
    
    



select event_id
from "analytics"."public"."fct_events"
where event_id is null



      
    ) dbt_internal_test
[0m18:06:57.854783 [debug] [Thread-1 (]: SQL status: SELECT 1 in 0.001 seconds
[0m18:06:57.856883 [debug] [Thread-1 (]: On test.demo_project.not_null_fct_events_event_id.62d59fe27e: ROLLBACK
[0m18:06:57.857961 [debug] [Thread-1 (]: On test.demo_project.not_null_fct_events_event_id.62d59fe27e: Close
[0m18:06:57.859710 [info ] [Thread-1 (]: 7 of 12 PASS not_null_fct_events_event_id ...................................... [[32mPASS[0m in 0.04s]
[0m18:06:57.861526 [debug] [Thread-1 (]: Finished running node test.demo_project.not_null_fct_events_event_id.62d59fe27e
[0m18:06:57.862611 [debug] [Thread-1 (]: Began running node test.demo_project.not_null_fct_events_occurred_at.a4f211de4a
[0m18:06:57.863664 [info ] [Thread-1 (]: 8 of 12 START test not_null_fct_events_occurred_at ............................. [RUN]
[0m18:06:57.864982 [debug] [Thread-1 (]: Re-using an available connection from the pool (formerly test.demo_project.not_null_fct_events_event_id.62d59fe27e, now test.demo_project.not_null_fct_events_occurred_at.a4f211de4a)
[0m18:06:57.865971 [debug] [Thread-1 (]: Began compiling node test.demo_project.not_null_fct_events_occurred_at.a4f211de4a
[0m18:06:57.870550 [debug] [Thread-1 (]: Writing injected SQL for node "test.demo_project.not_null_fct_events_occurred_at.a4f211de4a"
[0m18:06:57.877943 [debug] [Thread-1 (]: Began executing node test.demo_project.not_null_fct_events_occurred_at.a4f211de4a
[0m18:06:57.880615 [debug] [Thread-1 (]: Writing runtime sql for node "test.demo_project.not_null_fct_events_occurred_at.a4f211de4a"
[0m18:06:57.887357 [debug] [Thread-1 (]: Using postgres connection "test.demo_project.not_null_fct_events_occurred_at.a4f211de4a"
[0m18:06:57.888620 [debug] [Thread-1 (]: On test.demo_project.not_null_fct_events_occurred_at.a4f211de4a: BEGIN
[0m18:06:57.890009 [debug] [Thread-1 (]: Opening a new connection, currently in state closed
[0m18:06:57.898516 [debug] [Thread-1 (]: SQL status: BEGIN in 0.008 seconds
[0m18:06:57.900255 [debug] [Thread-1 (]: Using postgres connection "test.demo_project.not_null_fct_events_occurred_at.a4f211de4a"
[0m18:06:57.901612 [debug] [Thread-1 (]: On test.demo_project.not_null_fct_events_occurred_at.a4f211de4a: /* {"app": "dbt", "dbt_version": "1.8.7", "profile_name": "demo_project", "target_name": "dev", "node_id": "test.demo_project.not_null_fct_events_occurred_at.a4f211de4a"} */
select
      count(*) as failures,
      count(*) != 0 as should_warn,
      count(*) != 0 as should_error
    from (
      
    
    



select occurred_at
from "analytics"."public"."fct_events"
where occurred_at is null



      
    ) dbt_internal_test
[0m18:06:57.904760 [debug] [Thread-1 (]: SQL status: SELECT 1 in 0.002 seconds
[0m18:06:57.908530 [debug] [Thread-1 (]: On test.demo_project.not_null_fct_events_occurred_at.a4f211de4a: ROLLBACK
[0m18:06:57.910122 [debug] [Thread-1 (]: On test.demo_project.not_null_fct_events_occurred_at.a4f211de4a: Close
[0m18:06:57.911512 [info ] [Thread-1 (]: 8 of 12 PASS not_null_fct_events_occurred_at ................................... [[32mPASS[0m in 0.05s]
[0m18:06:57.913112 [debug] [Thread-1 (]: Finished running node test.demo_project.not_null_fct_events_occurred_at.a4f211de4a
[0m18:06:57.914279 [debug] [Thread-1 (]: Began running node test.demo_project.not_null_hello_dbt_message.d7182b8860
[0m18:06:57.915255 [info ] [Thread-1 (]: 9 of 12 START test not_null_hello_dbt_message .................................. [RUN]
[0m18:06:57.916516 [debug] [Thread-1 (]: Re-using an available connection from the pool (formerly test.demo_project.not_null_fct_events_occurred_at.a4f211de4a, now test.demo_project.not_null_hello_dbt_message.d7182b8860)
[0m18:06:57.917597 [debug] [Thread-1 (]: Began compiling node test.demo_project.not_null_hello_dbt_message.d7182b8860
[0m18:06:57.922362 [debug] [Thread-1 (]: Writing injected SQL for node "test.demo_project.not_null_hello_dbt_message.d7182b8860"
[0m18:06:57.930416 [debug] [Thread-1 (]: Began executing node test.demo_project.not_null_hello_dbt_message.d7182b8860
[0m18:06:57.933250 [debug] [Thread-1 (]: Writing runtime sql for node "test.demo_project.not_null_hello_dbt_message.d7182b8860"
[0m18:06:57.941141 [debug] [Thread-1 (]: Using postgres connection "test.demo_project.not_null_hello_dbt_message.d7182b8860"
[0m18:06:57.942248 [debug] [Thread-1 (]: On test.demo_project.not_null_hello_dbt_message.d7182b8860: BEGIN
[0m18:06:57.943103 [debug] [Thread-1 (]: Opening a new connection, currently in state closed
[0m18:06:57.951735 [debug] [Thread-1 (]: SQL status: BEGIN in 0.008 seconds
[0m18:06:57.953108 [debug] [Thread-1 (]: Using postgres connection "test.demo_project.not_null_hello_dbt_message.d7182b8860"
[0m18:06:57.954267 [debug] [Thread-1 (]: On test.demo_project.not_null_hello_dbt_message.d7182b8860: /* {"app": "dbt", "dbt_version": "1.8.7", "profile_name": "demo_project", "target_name": "dev", "node_id": "test.demo_project.not_null_hello_dbt_message.d7182b8860"} */
select
      count(*) as failures,
      count(*) != 0 as should_warn,
      count(*) != 0 as should_error
    from (
      
    
    



select message
from "analytics"."public"."hello_dbt"
where message is null



      
    ) dbt_internal_test
[0m18:06:57.956046 [debug] [Thread-1 (]: SQL status: SELECT 1 in 0.001 seconds
[0m18:06:57.958258 [debug] [Thread-1 (]: On test.demo_project.not_null_hello_dbt_message.d7182b8860: ROLLBACK
[0m18:06:57.959421 [debug] [Thread-1 (]: On test.demo_project.not_null_hello_dbt_message.d7182b8860: Close
[0m18:06:57.960566 [info ] [Thread-1 (]: 9 of 12 PASS not_null_hello_dbt_message ........................................ [[32mPASS[0m in 0.04s]
[0m18:06:57.962090 [debug] [Thread-1 (]: Finished running node test.demo_project.not_null_hello_dbt_message.d7182b8860
[0m18:06:57.963136 [debug] [Thread-1 (]: Began running node test.demo_project.unique_dim_event_types_event_type.9778ec2d6e
[0m18:06:57.964795 [info ] [Thread-1 (]: 10 of 12 START test unique_dim_event_types_event_type .......................... [RUN]
[0m18:06:57.966049 [debug] [Thread-1 (]: Re-using an available connection from the pool (formerly test.demo_project.not_null_hello_dbt_message.d7182b8860, now test.demo_project.unique_dim_event_types_event_type.9778ec2d6e)
[0m18:06:57.966938 [debug] [Thread-1 (]: Began compiling node test.demo_project.unique_dim_event_types_event_type.9778ec2d6e
[0m18:06:57.972543 [debug] [Thread-1 (]: Writing injected SQL for node "test.demo_project.unique_dim_event_types_event_type.9778ec2d6e"
[0m18:06:57.981096 [debug] [Thread-1 (]: Began executing node test.demo_project.unique_dim_event_types_event_type.9778ec2d6e
[0m18:06:57.985019 [debug] [Thread-1 (]: Writing runtime sql for node "test.demo_project.unique_dim_event_types_event_type.9778ec2d6e"
[0m18:06:57.991636 [debug] [Thread-1 (]: Using postgres connection "test.demo_project.unique_dim_event_types_event_type.9778ec2d6e"
[0m18:06:57.992740 [debug] [Thread-1 (]: On test.demo_project.unique_dim_event_types_event_type.9778ec2d6e: BEGIN
[0m18:06:57.993846 [debug] [Thread-1 (]: Opening a new connection, currently in state closed
[0m18:06:58.001189 [debug] [Thread-1 (]: SQL status: BEGIN in 0.007 seconds
[0m18:06:58.002352 [debug] [Thread-1 (]: Using postgres connection "test.demo_project.unique_dim_event_types_event_type.9778ec2d6e"
[0m18:06:58.003198 [debug] [Thread-1 (]: On test.demo_project.unique_dim_event_types_event_type.9778ec2d6e: /* {"app": "dbt", "dbt_version": "1.8.7", "profile_name": "demo_project", "target_name": "dev", "node_id": "test.demo_project.unique_dim_event_types_event_type.9778ec2d6e"} */
select
      count(*) as failures,
      count(*) != 0 as should_warn,
      count(*) != 0 as should_error
    from (
      
    
    

select
    event_type as unique_field,
    count(*) as n_records

from "analytics"."public"."dim_event_types"
where event_type is not null
group by event_type
having count(*) > 1



      
    ) dbt_internal_test
[0m18:06:58.004920 [debug] [Thread-1 (]: SQL status: SELECT 1 in 0.001 seconds
[0m18:06:58.006774 [debug] [Thread-1 (]: On test.demo_project.unique_dim_event_types_event_type.9778ec2d6e: ROLLBACK
[0m18:06:58.008434 [debug] [Thread-1 (]: On test.demo_project.unique_dim_event_types_event_type.9778ec2d6e: Close
[0m18:06:58.010686 [info ] [Thread-1 (]: 10 of 12 PASS unique_dim_event_types_event_type ................................ [[32mPASS[0m in 0.04s]
[0m18:06:58.012143 [debug] [Thread-1 (]: Finished running node test.demo_project.unique_dim_event_types_event_type.9778ec2d6e
[0m18:06:58.013050 [debug] [Thread-1 (]: Began running node test.demo_project.unique_fct_events_enriched_event_id.4bbfaf1396
[0m18:06:58.013794 [info ] [Thread-1 (]: 11 of 12 START test unique_fct_events_enriched_event_id ........................ [RUN]
[0m18:06:58.014769 [debug] [Thread-1 (]: Re-using an available connection from the pool (formerly test.demo_project.unique_dim_event_types_event_type.9778ec2d6e, now test.demo_project.unique_fct_events_enriched_event_id.4bbfaf1396)
[0m18:06:58.015522 [debug] [Thread-1 (]: Began compiling node test.demo_project.unique_fct_events_enriched_event_id.4bbfaf1396
[0m18:06:58.019138 [debug] [Thread-1 (]: Writing injected SQL for node "test.demo_project.unique_fct_events_enriched_event_id.4bbfaf1396"
[0m18:06:58.026236 [debug] [Thread-1 (]: Began executing node test.demo_project.unique_fct_events_enriched_event_id.4bbfaf1396
[0m18:06:58.028680 [debug] [Thread-1 (]: Writing runtime sql for node "test.demo_project.unique_fct_events_enriched_event_id.4bbfaf1396"
[0m18:06:58.034364 [debug] [Thread-1 (]: Using postgres connection "test.demo_project.unique_fct_events_enriched_event_id.4bbfaf1396"
[0m18:06:58.035217 [debug] [Thread-1 (]: On test.demo_project.unique_fct_events_enriched_event_id.4bbfaf1396: BEGIN
[0m18:06:58.035922 [debug] [Thread-1 (]: Opening a new connection, currently in state closed
[0m18:06:58.042995 [debug] [Thread-1 (]: SQL status: BEGIN in 0.007 seconds
[0m18:06:58.043930 [debug] [Thread-1 (]: Using postgres connection "test.demo_project.unique_fct_events_enriched_event_id.4bbfaf1396"
[0m18:06:58.044721 [debug] [Thread-1 (]: On test.demo_project.unique_fct_events_enriched_event_id.4bbfaf1396: /* {"app": "dbt", "dbt_version": "1.8.7", "profile_name": "demo_project", "target_name": "dev", "node_id": "test.demo_project.unique_fct_events_enriched_event_id.4bbfaf1396"} */
select
      count(*) as failures,
      count(*) != 0 as should_warn,
      count(*) != 0 as should_error
    from (
      
    
    

select
    event_id as unique_field,
    count(*) as n_records

from "analytics"."public"."fct_events_enriched"
where event_id is not null
group by event_id
having count(*) > 1



      
    ) dbt_internal_test
[0m18:06:58.046266 [debug] [Thread-1 (]: SQL status: SELECT 1 in 0.001 seconds
[0m18:06:58.047983 [debug] [Thread-1 (]: On test.demo_project.unique_fct_events_enriched_event_id.4bbfaf1396: ROLLBACK
[0m18:06:58.048914 [debug] [Thread-1 (]: On test.demo_project.unique_fct_events_enriched_event_id.4bbfaf1396: Close
[0m18:06:58.049933 [info ] [Thread-1 (]: 11 of 12 PASS unique_fct_events_enriched_event_id .............................. [[32mPASS[0m in 0.04s]
[0m18:06:58.051336 [debug] [Thread-1 (]: Finished running node test.demo_project.unique_fct_events_enriched_event_id.4bbfaf1396
[0m18:06:58.052342 [debug] [Thread-1 (]: Began running node test.demo_project.unique_fct_events_event_id.355e3ede35
[0m18:06:58.053217 [info ] [Thread-1 (]: 12 of 12 START test unique_fct_events_event_id ................................. [RUN]
[0m18:06:58.054665 [debug] [Thread-1 (]: Re-using an available connection from the pool (formerly test.demo_project.unique_fct_events_enriched_event_id.4bbfaf1396, now test.demo_project.unique_fct_events_event_id.355e3ede35)
[0m18:06:58.055521 [debug] [Thread-1 (]: Began compiling node test.demo_project.unique_fct_events_event_id.355e3ede35
[0m18:06:58.059170 [debug] [Thread-1 (]: Writing injected SQL for node "test.demo_project.unique_fct_events_event_id.355e3ede35"
[0m18:06:58.065487 [debug] [Thread-1 (]: Began executing node test.demo_project.unique_fct_events_event_id.355e3ede35
[0m18:06:58.068603 [debug] [Thread-1 (]: Writing runtime sql for node "test.demo_project.unique_fct_events_event_id.355e3ede35"
[0m18:06:58.076076 [debug] [Thread-1 (]: Using postgres connection "test.demo_project.unique_fct_events_event_id.355e3ede35"
[0m18:06:58.077177 [debug] [Thread-1 (]: On test.demo_project.unique_fct_events_event_id.355e3ede35: BEGIN
[0m18:06:58.078079 [debug] [Thread-1 (]: Opening a new connection, currently in state closed
[0m18:06:58.085761 [debug] [Thread-1 (]: SQL status: BEGIN in 0.008 seconds
[0m18:06:58.086727 [debug] [Thread-1 (]: Using postgres connection "test.demo_project.unique_fct_events_event_id.355e3ede35"
[0m18:06:58.087483 [debug] [Thread-1 (]: On test.demo_project.unique_fct_events_event_id.355e3ede35: /* {"app": "dbt", "dbt_version": "1.8.7", "profile_name": "demo_project", "target_name": "dev", "node_id": "test.demo_project.unique_fct_events_event_id.355e3ede35"} */
select
      count(*) as failures,
      count(*) != 0 as should_warn,
      count(*) != 0 as should_error
    from (
      
    
    

select
    event_id as unique_field,
    count(*) as n_records

from "analytics"."public"."fct_events"
where event_id is not null
group by event_id
having count(*) > 1



      
    ) dbt_internal_test
[0m18:06:58.089025 [debug] [Thread-1 (]: SQL status: SELECT 1 in 0.001 seconds
[0m18:06:58.090946 [debug] [Thread-1 (]: On test.demo_project.unique_fct_events_event_id.355e3ede35: ROLLBACK
[0m18:06:58.091830 [debug] [Thread-1 (]: On test.demo_project.unique_fct_events_event_id.355e3ede35: Close
[0m18:06:58.092845 [info ] [Thread-1 (]: 12 of 12 PASS unique_fct_events_event_id ....................................... [[32mPASS[0m in 0.04s]
[0m18:06:58.094036 [debug] [Thread-1 (]: Finished running node test.demo_project.unique_fct_events_event_id.355e3ede35
[0m18:06:58.095837 [debug] [MainThread]: Using postgres connection "master"
[0m18:06:58.096657 [debug] [MainThread]: On master: BEGIN
[0m18:06:58.097289 [debug] [MainThread]: Opening a new connection, currently in state closed
[0m18:06:58.104366 [debug] [MainThread]: SQL status: BEGIN in 0.007 seconds
[0m18:06:58.105306 [debug] [MainThread]: On master: COMMIT
[0m18:06:58.106021 [debug] [MainThread]: Using postgres connection "master"
[0m18:06:58.106721 [debug] [MainThread]: On master: COMMIT
[0m18:06:58.107609 [debug] [MainThread]: SQL status: COMMIT in 0.000 seconds
[0m18:06:58.108384 [debug] [MainThread]: On master: Close
[0m18:06:58.109241 [debug] [MainThread]: Connection 'master' was properly closed.
[0m18:06:58.109925 [debug] [MainThread]: Connection 'test.demo_project.unique_fct_events_event_id.355e3ede35' was properly closed.
[0m18:06:58.110695 [info ] [MainThread]: 
[0m18:06:58.111598 [info ] [MainThread]: Finished running 12 data tests in 0 hours 0 minutes and 0.72 seconds (0.72s).
[0m18:06:58.114014 [debug] [MainThread]: Command end result
[0m18:06:58.158583 [info ] [MainThread]: 
[0m18:06:58.160455 [info ] [MainThread]: [32mCompleted successfully[0m
[0m18:06:58.161869 [info ] [MainThread]: 
[0m18:06:58.163172 [info ] [MainThread]: Done. PASS=12 WARN=0 ERROR=0 SKIP=0 TOTAL=12
[0m18:06:58.164943 [debug] [MainThread]: Resource report: {"command_name": "test", "command_success": true, "command_wall_clock_time": 1.5701497, "process_user_time": 3.271297, "process_kernel_time": 0.303794, "process_mem_max_rss": "158092", "process_in_blocks": "0", "process_out_blocks": "0"}
[0m18:06:58.166191 [debug] [MainThread]: Command `dbt test` succeeded at 18:06:58.166057 after 1.57 seconds
[0m18:06:58.167270 [debug] [MainThread]: Sending event: {'category': 'dbt', 'action': 'invocation', 'label': 'end', 'context': [<snowplow_tracker.self_describing_json.SelfDescribingJson object at 0x77d6298b4e00>, <snowplow_tracker.self_describing_json.SelfDescribingJson object at 0x77d629cac920>, <snowplow_tracker.self_describing_json.SelfDescribingJson object at 0x77d629cad400>]}
[0m18:06:58.168353 [debug] [MainThread]: Flushing usage events
